Zone,Year,Month,Price,YearMonth,YearMonthLabel
AECO ZONE,2021,1,23.268017258064514,2021-01-01,2021-01
AECO ZONE,2021,2,39.385696532738095,2021-02-01,2021-02
AECO ZONE,2021,3,20.692992960969047,2021-03-01,2021-03
AECO ZONE,2021,4,20.85623134722222,2021-04-01,2021-04
AECO ZONE,2021,5,23.081468064516127,2021-05-01,2021-05
AECO ZONE,2021,6,27.599029402777777,2021-06-01,2021-06
AECO ZONE,2021,7,33.96537071236559,2021-07-01,2021-07
AECO ZONE,2021,8,39.53278650537634,2021-08-01,2021-08
AECO ZONE,2021,9,37.922750541666666,2021-09-01,2021-09
AECO ZONE,2021,10,44.65146555107526,2021-10-01,2021-10
AECO ZONE,2021,11,44.04441506944444,2021-11-01,2021-11
AECO ZONE,2021,12,28.436019932795695,2021-12-01,2021-12
AECO ZONE,2022,1,67.61011858870967,2022-01-01,2022-01
AECO ZONE,2022,2,46.61249818452381,2022-02-01,2022-02
AECO ZONE,2022,3,39.838207752355316,2022-03-01,2022-03
AECO ZONE,2022,4,55.636123347222224,2022-04-01,2022-04
AECO ZONE,2022,5,62.54114439516129,2022-05-01,2022-05
AECO ZONE,2022,6,64.34746652777778,2022-06-01,2022-06
AECO ZONE,2022,7,82.69554559139785,2022-07-01,2022-07
AECO ZONE,2022,8,94.33460943548388,2022-08-01,2022-08
AECO ZONE,2022,9,63.01069616666667,2022-09-01,2022-09
AECO ZONE,2022,10,45.702950860215054,2022-10-01,2022-10
AECO ZONE,2022,11,43.34976641666667,2022-11-01,2022-11
AECO ZONE,2022,12,87.60720366935485,2022-12-01,2022-12
AECO ZONE,2023,1,31.156468346774194,2023-01-01,2023-01
AECO ZONE,2023,2,28.78640395833333,2023-02-01,2023-02
AECO ZONE,2023,3,24.64924775235532,2023-03-01,2023-03
AECO ZONE,2023,4,23.910248499999998,2023-04-01,2023-04
AECO ZONE,2023,5,18.39971248655914,2023-05-01,2023-05
AECO ZONE,2023,6,18.775752208333333,2023-06-01,2023-06
AECO ZONE,2023,7,31.467635779569896,2023-07-01,2023-07
AECO ZONE,2023,8,19.72174927419355,2023-08-01,2023-08
AECO ZONE,2023,9,19.904561666666666,2023-09-01,2023-09
AECO ZONE,2023,10,22.129676706989244,2023-10-01,2023-10
AECO ZONE,2023,11,27.23430390277778,2023-11-01,2023-11
AECO ZONE,2023,12,21.90294123655914,2023-12-01,2023-12
AECO ZONE,2024,1,43.627446693548386,2024-01-01,2024-01
AECO ZONE,2024,2,20.551196709770114,2024-02-01,2024-02
AECO ZONE,2024,3,18.493453499327053,2024-03-01,2024-03
AECO ZONE,2024,4,22.68009875,2024-04-01,2024-04
AECO ZONE,2024,5,21.917696357526882,2024-05-01,2024-05
AECO ZONE,2024,6,26.315375125000003,2024-06-01,2024-06
AECO ZONE,2024,7,37.39574724462366,2024-07-01,2024-07
AECO ZONE,2024,8,28.87524311827957,2024-08-01,2024-08
AECO ZONE,2024,9,22.4829205,2024-09-01,2024-09
AECO ZONE,2024,10,25.146744543010755,2024-10-01,2024-10
AECO ZONE,2024,11,27.476599458333336,2024-11-01,2024-11
AECO ZONE,2024,12,34.710207526881725,2024-12-01,2024-12
AECO ZONE,2025,1,67.61578545698924,2025-01-01,2025-01
AECO ZONE,2025,2,47.15009636904762,2025-02-01,2025-02
AECO ZONE,2025,3,34.406678075370124,2025-03-01,2025-03
AECO ZONE,2025,4,36.00973783333333,2025-04-01,2025-04
AECO ZONE,2025,5,28.526561075268816,2025-05-01,2025-05
AECO ZONE,2025,6,37.55588566666666,2025-06-01,2025-06
AECO ZONE,2025,7,56.34781212365591,2025-07-01,2025-07
AECO ZONE,2025,8,32.340012553763444,2025-08-01,2025-08
AECO ZONE,2025,9,25.006115048355902,2025-09-01,2025-09
AEP ZONE,2021,1,25.00142978494624,2021-01-01,2021-01
AEP ZONE,2021,2,42.9278715625,2021-02-01,2021-02
AEP ZONE,2021,3,24.31780462987887,2021-03-01,2021-03
AEP ZONE,2021,4,28.49019138888889,2021-04-01,2021-04
AEP ZONE,2021,5,28.58620975806452,2021-05-01,2021-05
AEP ZONE,2021,6,32.044090499999996,2021-06-01,2021-06
AEP ZONE,2021,7,36.615729233870965,2021-07-01,2021-07
AEP ZONE,2021,8,42.1650399327957,2021-08-01,2021-08
AEP ZONE,2021,9,44.51269845833333,2021-09-01,2021-09
AEP ZONE,2021,10,58.50203314516129,2021-10-01,2021-10
AEP ZONE,2021,11,62.32089676388889,2021-11-01,2021-11
AEP ZONE,2021,12,37.22144244623656,2021-12-01,2021-12
AEP ZONE,2022,1,55.54989877688172,2022-01-01,2022-01
AEP ZONE,2022,2,47.31701897321428,2022-02-01,2022-02
AEP ZONE,2022,3,45.32070168236877,2022-03-01,2022-03
AEP ZONE,2022,4,65.92710234722222,2022-04-01,2022-04
AEP ZONE,2022,5,77.94445318548388,2022-05-01,2022-05
AEP ZONE,2022,6,88.17378272222223,2022-06-01,2022-06
AEP ZONE,2022,7,88.43060647849462,2022-07-01,2022-07
AEP ZONE,2022,8,94.54405430107528,2022-08-01,2022-08
AEP ZONE,2022,9,79.06391969444445,2022-09-01,2022-09
AEP ZONE,2022,10,59.45499336021505,2022-10-01,2022-10
AEP ZONE,2022,11,53.35191659722223,2022-11-01,2022-11
AEP ZONE,2022,12,84.05296485215054,2022-12-01,2022-12
AEP ZONE,2023,1,36.68793059139785,2023-01-01,2023-01
AEP ZONE,2023,2,28.374643511904765,2023-02-01,2023-02
AEP ZONE,2023,3,28.988831776581428,2023-03-01,2023-03
AEP ZONE,2023,4,30.37943425,2023-04-01,2023-04
AEP ZONE,2023,5,30.00550126344086,2023-05-01,2023-05
AEP ZONE,2023,6,27.22276573611111,2023-06-01,2023-06
AEP ZONE,2023,7,36.31719067204301,2023-07-01,2023-07
AEP ZONE,2023,8,29.99805805107527,2023-08-01,2023-08
AEP ZONE,2023,9,29.57975823611111,2023-09-01,2023-09
AEP ZONE,2023,10,35.41465569892473,2023-10-01,2023-10
AEP ZONE,2023,11,31.986414368055556,2023-11-01,2023-11
AEP ZONE,2023,12,27.152691841397846,2023-12-01,2023-12
AEP ZONE,2024,1,43.776877244623655,2024-01-01,2024-01
AEP ZONE,2024,2,23.577861077586203,2024-02-01,2024-02
AEP ZONE,2024,3,22.361505746971737,2024-03-01,2024-03
AEP ZONE,2024,4,26.386660305555555,2024-04-01,2024-04
AEP ZONE,2024,5,31.23200985215054,2024-05-01,2024-05
AEP ZONE,2024,6,29.618142555555554,2024-06-01,2024-06
AEP ZONE,2024,7,35.981710403225804,2024-07-01,2024-07
AEP ZONE,2024,8,31.258793736559138,2024-08-01,2024-08
AEP ZONE,2024,9,30.547693250000002,2024-09-01,2024-09
AEP ZONE,2024,10,33.553254475806455,2024-10-01,2024-10
AEP ZONE,2024,11,29.6372924375,2024-11-01,2024-11
AEP ZONE,2024,12,35.41928802419355,2024-12-01,2024-12
AEP ZONE,2025,1,60.131828051075274,2025-01-01,2025-01
AEP ZONE,2025,2,47.10989367559524,2025-02-01,2025-02
AEP ZONE,2025,3,40.28554985195155,2025-03-01,2025-03
AEP ZONE,2025,4,45.74742054166666,2025-04-01,2025-04
AEP ZONE,2025,5,32.93390045698925,2025-05-01,2025-05
AEP ZONE,2025,6,44.89462458333333,2025-06-01,2025-06
AEP ZONE,2025,7,54.66679662634409,2025-07-01,2025-07
AEP ZONE,2025,8,36.28792061827957,2025-08-01,2025-08
AEP ZONE,2025,9,35.39541079303675,2025-09-01,2025-09
APS ZONE,2021,1,25.22133436827957,2021-01-01,2021-01
APS ZONE,2021,2,41.31789290178571,2021-02-01,2021-02
APS ZONE,2021,3,24.778972368775236,2021-03-01,2021-03
APS ZONE,2021,4,27.712725305555555,2021-04-01,2021-04
APS ZONE,2021,5,27.97918338709677,2021-05-01,2021-05
APS ZONE,2021,6,30.698049138888887,2021-06-01,2021-06
APS ZONE,2021,7,36.45923255376344,2021-07-01,2021-07
APS ZONE,2021,8,42.8915613172043,2021-08-01,2021-08
APS ZONE,2021,9,44.9823905,2021-09-01,2021-09
APS ZONE,2021,10,59.481467795698926,2021-10-01,2021-10
APS ZONE,2021,11,65.78075258333334,2021-11-01,2021-11
APS ZONE,2021,12,38.09201822580645,2021-12-01,2021-12
APS ZONE,2022,1,60.904908615591395,2022-01-01,2022-01
APS ZONE,2022,2,49.761287901785714,2022-02-01,2022-02
APS ZONE,2022,3,45.81580977119784,2022-03-01,2022-03
APS ZONE,2022,4,66.170916,2022-04-01,2022-04
APS ZONE,2022,5,78.72100943548388,2022-05-01,2022-05
APS ZONE,2022,6,85.58095675,2022-06-01,2022-06
APS ZONE,2022,7,89.47472728494624,2022-07-01,2022-07
APS ZONE,2022,8,95.16191919354839,2022-08-01,2022-08
APS ZONE,2022,9,79.54975379166666,2022-09-01,2022-09
APS ZONE,2022,10,59.789535618279565,2022-10-01,2022-10
APS ZONE,2022,11,54.63196421527778,2022-11-01,2022-11
APS ZONE,2022,12,86.65885983870967,2022-12-01,2022-12
APS ZONE,2023,1,38.25704239247312,2023-01-01,2023-01
APS ZONE,2023,2,30.309617752976187,2023-02-01,2023-02
APS ZONE,2023,3,29.02055468371467,2023-03-01,2023-03
APS ZONE,2023,4,30.703102152777777,2023-04-01,2023-04
APS ZONE,2023,5,30.434080120967742,2023-05-01,2023-05
APS ZONE,2023,6,27.45144552777778,2023-06-01,2023-06
APS ZONE,2023,7,36.960130779569894,2023-07-01,2023-07
APS ZONE,2023,8,29.511652217741933,2023-08-01,2023-08
APS ZONE,2023,9,30.686593708333334,2023-09-01,2023-09
APS ZONE,2023,10,38.21705494623656,2023-10-01,2023-10
APS ZONE,2023,11,35.92118967361111,2023-11-01,2023-11
APS ZONE,2023,12,29.077947876344087,2023-12-01,2023-12
APS ZONE,2024,1,45.83613916666667,2024-01-01,2024-01
APS ZONE,2024,2,24.29616780172414,2024-02-01,2024-02
APS ZONE,2024,3,22.661393472409152,2024-03-01,2024-03
APS ZONE,2024,4,27.89499740277778,2024-04-01,2024-04
APS ZONE,2024,5,30.303942809139787,2024-05-01,2024-05
APS ZONE,2024,6,30.555810652777776,2024-06-01,2024-06
APS ZONE,2024,7,41.248470000000005,2024-07-01,2024-07
APS ZONE,2024,8,32.7900476344086,2024-08-01,2024-08
APS ZONE,2024,9,29.689945125,2024-09-01,2024-09
APS ZONE,2024,10,34.90629981182796,2024-10-01,2024-10
APS ZONE,2024,11,30.44319099305556,2024-11-01,2024-11
APS ZONE,2024,12,36.491212379032255,2024-12-01,2024-12
APS ZONE,2025,1,64.2704720967742,2025-01-01,2025-01
APS ZONE,2025,2,47.377979613095235,2025-02-01,2025-02
APS ZONE,2025,3,43.834507671601614,2025-03-01,2025-03
APS ZONE,2025,4,45.97062151388889,2025-04-01,2025-04
APS ZONE,2025,5,32.58426002688172,2025-05-01,2025-05
APS ZONE,2025,6,43.667908555555556,2025-06-01,2025-06
APS ZONE,2025,7,56.80824772849462,2025-07-01,2025-07
APS ZONE,2025,8,35.17768280913978,2025-08-01,2025-08
APS ZONE,2025,9,35.23760758220503,2025-09-01,2025-09
ATSI ZONE,2021,1,24.86854873655914,2021-01-01,2021-01
ATSI ZONE,2021,2,41.650427485119046,2021-02-01,2021-02
ATSI ZONE,2021,3,24.73813127860027,2021-03-01,2021-03
ATSI ZONE,2021,4,27.357063916666664,2021-04-01,2021-04
ATSI ZONE,2021,5,27.71179391129032,2021-05-01,2021-05
ATSI ZONE,2021,6,31.08660672222222,2021-06-01,2021-06
ATSI ZONE,2021,7,36.55245096774193,2021-07-01,2021-07
ATSI ZONE,2021,8,42.26588709677419,2021-08-01,2021-08
ATSI ZONE,2021,9,44.35121779166667,2021-09-01,2021-09
ATSI ZONE,2021,10,58.85073571236559,2021-10-01,2021-10
ATSI ZONE,2021,11,63.47844969444445,2021-11-01,2021-11
ATSI ZONE,2021,12,36.81251747311828,2021-12-01,2021-12
ATSI ZONE,2022,1,53.06186704301075,2022-01-01,2022-01
ATSI ZONE,2022,2,48.109988497023814,2022-02-01,2022-02
ATSI ZONE,2022,3,45.77574275908479,2022-03-01,2022-03
ATSI ZONE,2022,4,66.16638788888889,2022-04-01,2022-04
ATSI ZONE,2022,5,77.17440661290323,2022-05-01,2022-05
ATSI ZONE,2022,6,85.78826384722223,2022-06-01,2022-06
ATSI ZONE,2022,7,88.2052401344086,2022-07-01,2022-07
ATSI ZONE,2022,8,93.4712936827957,2022-08-01,2022-08
ATSI ZONE,2022,9,77.56066730555555,2022-09-01,2022-09
ATSI ZONE,2022,10,59.43939629032258,2022-10-01,2022-10
ATSI ZONE,2022,11,52.81037909027778,2022-11-01,2022-11
ATSI ZONE,2022,12,83.83812762096774,2022-12-01,2022-12
ATSI ZONE,2023,1,37.148397540322584,2023-01-01,2023-01
ATSI ZONE,2023,2,28.29027626488095,2023-02-01,2023-02
ATSI ZONE,2023,3,29.023016446837147,2023-03-01,2023-03
ATSI ZONE,2023,4,30.50628630555556,2023-04-01,2023-04
ATSI ZONE,2023,5,29.185187688172043,2023-05-01,2023-05
ATSI ZONE,2023,6,26.532214180555556,2023-06-01,2023-06
ATSI ZONE,2023,7,36.51342668010753,2023-07-01,2023-07
ATSI ZONE,2023,8,28.750582862903226,2023-08-01,2023-08
ATSI ZONE,2023,9,29.065995125000004,2023-09-01,2023-09
ATSI ZONE,2023,10,36.259139677419356,2023-10-01,2023-10
ATSI ZONE,2023,11,30.471271444444444,2023-11-01,2023-11
ATSI ZONE,2023,12,27.24659067204301,2023-12-01,2023-12
ATSI ZONE,2024,1,43.745739731182795,2024-01-01,2024-01
ATSI ZONE,2024,2,24.060856681034483,2024-02-01,2024-02
ATSI ZONE,2024,3,22.676708034993272,2024-03-01,2024-03
ATSI ZONE,2024,4,27.11114601388889,2024-04-01,2024-04
ATSI ZONE,2024,5,31.0411139516129,2024-05-01,2024-05
ATSI ZONE,2024,6,29.953041027777775,2024-06-01,2024-06
ATSI ZONE,2024,7,37.242454099462364,2024-07-01,2024-07
ATSI ZONE,2024,8,32.06730596774194,2024-08-01,2024-08
ATSI ZONE,2024,9,29.512620041666665,2024-09-01,2024-09
ATSI ZONE,2024,10,33.60953404569893,2024-10-01,2024-10
ATSI ZONE,2024,11,30.48236879861111,2024-11-01,2024-11
ATSI ZONE,2024,12,35.38167451612903,2024-12-01,2024-12
ATSI ZONE,2025,1,60.0024971639785,2025-01-01,2025-01
ATSI ZONE,2025,2,47.341332604166666,2025-02-01,2025-02
ATSI ZONE,2025,3,42.00121990578735,2025-03-01,2025-03
ATSI ZONE,2025,4,45.692262972222224,2025-04-01,2025-04
ATSI ZONE,2025,5,31.931526263440862,2025-05-01,2025-05
ATSI ZONE,2025,6,43.894646458333334,2025-06-01,2025-06
ATSI ZONE,2025,7,55.67432252688172,2025-07-01,2025-07
ATSI ZONE,2025,8,36.64693008064516,2025-08-01,2025-08
ATSI ZONE,2025,9,34.16750007736944,2025-09-01,2025-09
BGE ZONE,2021,1,29.889748615591397,2021-01-01,2021-01
BGE ZONE,2021,2,44.05125430059523,2021-02-01,2021-02
BGE ZONE,2021,3,29.613801615074024,2021-03-01,2021-03
BGE ZONE,2021,4,33.92688931944444,2021-04-01,2021-04
BGE ZONE,2021,5,32.042180147849464,2021-05-01,2021-05
BGE ZONE,2021,6,34.04040525,2021-06-01,2021-06
BGE ZONE,2021,7,40.21881548387097,2021-07-01,2021-07
BGE ZONE,2021,8,45.882991021505376,2021-08-01,2021-08
BGE ZONE,2021,9,49.41717059722222,2021-09-01,2021-09
BGE ZONE,2021,10,64.80395346774193,2021-10-01,2021-10
BGE ZONE,2021,11,74.22646815972222,2021-11-01,2021-11
BGE ZONE,2021,12,42.84945366935484,2021-12-01,2021-12
BGE ZONE,2022,1,72.08567114247312,2022-01-01,2022-01
BGE ZONE,2022,2,56.683324181547626,2022-02-01,2022-02
BGE ZONE,2022,3,50.029708573351286,2022-03-01,2022-03
BGE ZONE,2022,4,72.76351608333333,2022-04-01,2022-04
BGE ZONE,2022,5,90.42288887096775,2022-05-01,2022-05
BGE ZONE,2022,6,99.48802058333332,2022-06-01,2022-06
BGE ZONE,2022,7,102.05840123655913,2022-07-01,2022-07
BGE ZONE,2022,8,111.54091616935484,2022-08-01,2022-08
BGE ZONE,2022,9,94.73204984722223,2022-09-01,2022-09
BGE ZONE,2022,10,67.67629385752689,2022-10-01,2022-10
BGE ZONE,2022,11,61.441422805555554,2022-11-01,2022-11
BGE ZONE,2022,12,100.67836311827958,2022-12-01,2022-12
BGE ZONE,2023,1,41.75242284946236,2023-01-01,2023-01
BGE ZONE,2023,2,35.45275446428572,2023-02-01,2023-02
BGE ZONE,2023,3,32.25762387617766,2023-03-01,2023-03
BGE ZONE,2023,4,35.22981872222222,2023-04-01,2023-04
BGE ZONE,2023,5,35.88953483870968,2023-05-01,2023-05
BGE ZONE,2023,6,33.26860484722222,2023-06-01,2023-06
BGE ZONE,2023,7,44.592801747311825,2023-07-01,2023-07
BGE ZONE,2023,8,38.96737060483871,2023-08-01,2023-08
BGE ZONE,2023,9,40.438447708333335,2023-09-01,2023-09
BGE ZONE,2023,10,44.826096451612905,2023-10-01,2023-10
BGE ZONE,2023,11,40.969573097222224,2023-11-01,2023-11
BGE ZONE,2023,12,34.00517033602151,2023-12-01,2023-12
BGE ZONE,2024,1,52.41006385752688,2024-01-01,2024-01
BGE ZONE,2024,2,26.937802629310347,2024-02-01,2024-02
BGE ZONE,2024,3,24.85695592193809,2024-03-01,2024-03
BGE ZONE,2024,4,30.693229624999997,2024-04-01,2024-04
BGE ZONE,2024,5,40.658602432795696,2024-05-01,2024-05
BGE ZONE,2024,6,38.09424030555555,2024-06-01,2024-06
BGE ZONE,2024,7,65.93534056451612,2024-07-01,2024-07
BGE ZONE,2024,8,45.96666064516129,2024-08-01,2024-08
BGE ZONE,2024,9,35.953553111111106,2024-09-01,2024-09
BGE ZONE,2024,10,42.92615079301075,2024-10-01,2024-10
BGE ZONE,2024,11,32.894208881944444,2024-11-01,2024-11
BGE ZONE,2024,12,42.37550375,2024-12-01,2024-12
BGE ZONE,2025,1,75.22725067204301,2025-01-01,2025-01
BGE ZONE,2025,2,50.89006095238095,2025-02-01,2025-02
BGE ZONE,2025,3,51.01343932705249,2025-03-01,2025-03
BGE ZONE,2025,4,52.57823206944444,2025-04-01,2025-04
BGE ZONE,2025,5,40.444706370967744,2025-05-01,2025-05
BGE ZONE,2025,6,57.74950220833333,2025-06-01,2025-06
BGE ZONE,2025,7,73.94380307795699,2025-07-01,2025-07
BGE ZONE,2025,8,40.94495934139785,2025-08-01,2025-08
BGE ZONE,2025,9,42.73723232108317,2025-09-01,2025-09
COMED ZONE,2021,1,23.16729872311828,2021-01-01,2021-01
COMED ZONE,2021,2,42.18327444940476,2021-02-01,2021-02
COMED ZONE,2021,3,21.5212835397039,2021-03-01,2021-03
COMED ZONE,2021,4,25.150327444444443,2021-04-01,2021-04
COMED ZONE,2021,5,25.011385927419358,2021-05-01,2021-05
COMED ZONE,2021,6,30.809233624999997,2021-06-01,2021-06
COMED ZONE,2021,7,35.788094005376344,2021-07-01,2021-07
COMED ZONE,2021,8,41.25275463709677,2021-08-01,2021-08
COMED ZONE,2021,9,42.090371624999996,2021-09-01,2021-09
COMED ZONE,2021,10,52.71069345430107,2021-10-01,2021-10
COMED ZONE,2021,11,47.344386611111105,2021-11-01,2021-11
COMED ZONE,2021,12,31.018473938172043,2021-12-01,2021-12
COMED ZONE,2022,1,43.87150798387097,2022-01-01,2022-01
COMED ZONE,2022,2,38.946964375,2022-02-01,2022-02
COMED ZONE,2022,3,38.07445709286675,2022-03-01,2022-03
COMED ZONE,2022,4,50.05893597222223,2022-04-01,2022-04
COMED ZONE,2022,5,67.13292064516129,2022-05-01,2022-05
COMED ZONE,2022,6,82.41007309722222,2022-06-01,2022-06
COMED ZONE,2022,7,83.19228016129033,2022-07-01,2022-07
COMED ZONE,2022,8,90.57589590053763,2022-08-01,2022-08
COMED ZONE,2022,9,71.96679545833332,2022-09-01,2022-09
COMED ZONE,2022,10,48.56912512096774,2022-10-01,2022-10
COMED ZONE,2022,11,45.00840929861111,2022-11-01,2022-11
COMED ZONE,2022,12,63.09470111559139,2022-12-01,2022-12
COMED ZONE,2023,1,32.62809903225806,2023-01-01,2023-01
COMED ZONE,2023,2,24.723215624999998,2023-02-01,2023-02
COMED ZONE,2023,3,22.874058304172273,2023-03-01,2023-03
COMED ZONE,2023,4,18.672503625,2023-04-01,2023-04
COMED ZONE,2023,5,23.577905470430107,2023-05-01,2023-05
COMED ZONE,2023,6,25.78662015277778,2023-06-01,2023-06
COMED ZONE,2023,7,35.220536034946235,2023-07-01,2023-07
COMED ZONE,2023,8,29.70974184139785,2023-08-01,2023-08
COMED ZONE,2023,9,27.55113041666667,2023-09-01,2023-09
COMED ZONE,2023,10,30.2730036827957,2023-10-01,2023-10
COMED ZONE,2023,11,24.599130756944447,2023-11-01,2023-11
COMED ZONE,2023,12,24.007827217741934,2023-12-01,2023-12
COMED ZONE,2024,1,40.7504426344086,2024-01-01,2024-01
COMED ZONE,2024,2,20.972090560344828,2024-02-01,2024-02
COMED ZONE,2024,3,16.44374200538358,2024-03-01,2024-03
COMED ZONE,2024,4,17.627693,2024-04-01,2024-04
COMED ZONE,2024,5,24.628763440860215,2024-05-01,2024-05
COMED ZONE,2024,6,24.94719070833333,2024-06-01,2024-06
COMED ZONE,2024,7,31.30873791666667,2024-07-01,2024-07
COMED ZONE,2024,8,28.701418158602152,2024-08-01,2024-08
COMED ZONE,2024,9,26.927658180555554,2024-09-01,2024-09
COMED ZONE,2024,10,25.955341129032256,2024-10-01,2024-10
COMED ZONE,2024,11,22.678360875000003,2024-11-01,2024-11
COMED ZONE,2024,12,25.068089422043013,2024-12-01,2024-12
COMED ZONE,2025,1,41.55240557795699,2025-01-01,2025-01
COMED ZONE,2025,2,39.060118526785715,2025-02-01,2025-02
COMED ZONE,2025,3,25.470760242261104,2025-03-01,2025-03
COMED ZONE,2025,4,23.615226666666665,2025-04-01,2025-04
COMED ZONE,2025,5,29.539190295698923,2025-05-01,2025-05
COMED ZONE,2025,6,40.22001658333333,2025-06-01,2025-06
COMED ZONE,2025,7,54.211527849462364,2025-07-01,2025-07
COMED ZONE,2025,8,37.02834154569892,2025-08-01,2025-08
COMED ZONE,2025,9,32.81934257253385,2025-09-01,2025-09
DAY ZONE,2021,1,26.52876767473118,2021-01-01,2021-01
DAY ZONE,2021,2,45.64074872023809,2021-02-01,2021-02
DAY ZONE,2021,3,26.03588869448183,2021-03-01,2021-03
DAY ZONE,2021,4,30.32716188888889,2021-04-01,2021-04
DAY ZONE,2021,5,31.03034373655914,2021-05-01,2021-05
DAY ZONE,2021,6,33.7293815,2021-06-01,2021-06
DAY ZONE,2021,7,38.98549826612903,2021-07-01,2021-07
DAY ZONE,2021,8,43.869359354838714,2021-08-01,2021-08
DAY ZONE,2021,9,46.558054166666665,2021-09-01,2021-09
DAY ZONE,2021,10,60.93602771505377,2021-10-01,2021-10
DAY ZONE,2021,11,67.17467688888888,2021-11-01,2021-11
DAY ZONE,2021,12,38.90577548387097,2021-12-01,2021-12
DAY ZONE,2022,1,56.08158211021505,2022-01-01,2022-01
DAY ZONE,2022,2,48.90680623511904,2022-02-01,2022-02
DAY ZONE,2022,3,47.00151756393001,2022-03-01,2022-03
DAY ZONE,2022,4,68.02461126388889,2022-04-01,2022-04
DAY ZONE,2022,5,80.52404985215054,2022-05-01,2022-05
DAY ZONE,2022,6,90.91936584722222,2022-06-01,2022-06
DAY ZONE,2022,7,91.94845228494623,2022-07-01,2022-07
DAY ZONE,2022,8,98.40133397849463,2022-08-01,2022-08
DAY ZONE,2022,9,82.73801202777778,2022-09-01,2022-09
DAY ZONE,2022,10,62.164549032258066,2022-10-01,2022-10
DAY ZONE,2022,11,55.80118251388889,2022-11-01,2022-11
DAY ZONE,2022,12,86.55250864247311,2022-12-01,2022-12
DAY ZONE,2023,1,38.21585150537634,2023-01-01,2023-01
DAY ZONE,2023,2,29.567195357142857,2023-02-01,2023-02
DAY ZONE,2023,3,30.31614180349933,2023-03-01,2023-03
DAY ZONE,2023,4,31.565802458333334,2023-04-01,2023-04
DAY ZONE,2023,5,32.86134846774194,2023-05-01,2023-05
DAY ZONE,2023,6,28.905985722222223,2023-06-01,2023-06
DAY ZONE,2023,7,37.67065659946236,2023-07-01,2023-07
DAY ZONE,2023,8,31.354558965053766,2023-08-01,2023-08
DAY ZONE,2023,9,30.623005902777777,2023-09-01,2023-09
DAY ZONE,2023,10,36.05342151881721,2023-10-01,2023-10
DAY ZONE,2023,11,32.7183946875,2023-11-01,2023-11
DAY ZONE,2023,12,28.004431397849462,2023-12-01,2023-12
DAY ZONE,2024,1,46.098822231182794,2024-01-01,2024-01
DAY ZONE,2024,2,24.584015675287358,2024-02-01,2024-02
DAY ZONE,2024,3,24.372121507402422,2024-03-01,2024-03
DAY ZONE,2024,4,27.771338625,2024-04-01,2024-04
DAY ZONE,2024,5,32.64115133064516,2024-05-01,2024-05
DAY ZONE,2024,6,31.140341638888888,2024-06-01,2024-06
DAY ZONE,2024,7,35.67339326612903,2024-07-01,2024-07
DAY ZONE,2024,8,33.193831034946236,2024-08-01,2024-08
DAY ZONE,2024,9,32.53658526388889,2024-09-01,2024-09
DAY ZONE,2024,10,34.69975244623656,2024-10-01,2024-10
DAY ZONE,2024,11,31.759041854166668,2024-11-01,2024-11
DAY ZONE,2024,12,37.0347245967742,2024-12-01,2024-12
DAY ZONE,2025,1,59.28769092741936,2025-01-01,2025-01
DAY ZONE,2025,2,47.49283616071428,2025-02-01,2025-02
DAY ZONE,2025,3,40.81246001345895,2025-03-01,2025-03
DAY ZONE,2025,4,46.35420754166667,2025-04-01,2025-04
DAY ZONE,2025,5,33.7315463172043,2025-05-01,2025-05
DAY ZONE,2025,6,44.82907540277778,2025-06-01,2025-06
DAY ZONE,2025,7,56.44296474462366,2025-07-01,2025-07
DAY ZONE,2025,8,37.60688774193548,2025-08-01,2025-08
DAY ZONE,2025,9,36.51936444874274,2025-09-01,2025-09
DEOK ZONE,2021,1,25.85807821236559,2021-01-01,2021-01
DEOK ZONE,2021,2,43.80585285714286,2021-02-01,2021-02
DEOK ZONE,2021,3,25.772747927321667,2021-03-01,2021-03
DEOK ZONE,2021,4,29.376672444444445,2021-04-01,2021-04
DEOK ZONE,2021,5,31.97517247311828,2021-05-01,2021-05
DEOK ZONE,2021,6,32.32491205555555,2021-06-01,2021-06
DEOK ZONE,2021,7,37.263479206989246,2021-07-01,2021-07
DEOK ZONE,2021,8,42.686755443548385,2021-08-01,2021-08
DEOK ZONE,2021,9,45.017908166666665,2021-09-01,2021-09
DEOK ZONE,2021,10,59.049363051075275,2021-10-01,2021-10
DEOK ZONE,2021,11,65.54502975694444,2021-11-01,2021-11
DEOK ZONE,2021,12,38.84079903225806,2021-12-01,2021-12
DEOK ZONE,2022,1,54.99562940860215,2022-01-01,2022-01
DEOK ZONE,2022,2,47.33140410714286,2022-02-01,2022-02
DEOK ZONE,2022,3,46.29794409152086,2022-03-01,2022-03
DEOK ZONE,2022,4,66.74330009722222,2022-04-01,2022-04
DEOK ZONE,2022,5,79.47915329301075,2022-05-01,2022-05
DEOK ZONE,2022,6,90.686526125,2022-06-01,2022-06
DEOK ZONE,2022,7,90.34204938172043,2022-07-01,2022-07
DEOK ZONE,2022,8,96.08435344086023,2022-08-01,2022-08
DEOK ZONE,2022,9,81.11004691666668,2022-09-01,2022-09
DEOK ZONE,2022,10,61.103299435483876,2022-10-01,2022-10
DEOK ZONE,2022,11,54.81977613194444,2022-11-01,2022-11
DEOK ZONE,2022,12,84.2266217204301,2022-12-01,2022-12
DEOK ZONE,2023,1,37.08326489247312,2023-01-01,2023-01
DEOK ZONE,2023,2,28.583733303571428,2023-02-01,2023-02
DEOK ZONE,2023,3,30.053010834454913,2023-03-01,2023-03
DEOK ZONE,2023,4,31.06271041666667,2023-04-01,2023-04
DEOK ZONE,2023,5,32.49452744623656,2023-05-01,2023-05
DEOK ZONE,2023,6,28.88674358333333,2023-06-01,2023-06
DEOK ZONE,2023,7,37.07422418010753,2023-07-01,2023-07
DEOK ZONE,2023,8,30.987671008064513,2023-08-01,2023-08
DEOK ZONE,2023,9,30.139818624999997,2023-09-01,2023-09
DEOK ZONE,2023,10,35.42181188172043,2023-10-01,2023-10
DEOK ZONE,2023,11,31.75171789583333,2023-11-01,2023-11
DEOK ZONE,2023,12,27.11359432795699,2023-12-01,2023-12
DEOK ZONE,2024,1,44.726661330645165,2024-01-01,2024-01
DEOK ZONE,2024,2,23.77889308908046,2024-02-01,2024-02
DEOK ZONE,2024,3,22.558143674293405,2024-03-01,2024-03
DEOK ZONE,2024,4,26.925718736111108,2024-04-01,2024-04
DEOK ZONE,2024,5,32.144059744623654,2024-05-01,2024-05
DEOK ZONE,2024,6,29.94723752777778,2024-06-01,2024-06
DEOK ZONE,2024,7,34.67001918010752,2024-07-01,2024-07
DEOK ZONE,2024,8,31.41690690860215,2024-08-01,2024-08
DEOK ZONE,2024,9,30.640785375,2024-09-01,2024-09
DEOK ZONE,2024,10,33.08247625,2024-10-01,2024-10
DEOK ZONE,2024,11,29.47494547222222,2024-11-01,2024-11
DEOK ZONE,2024,12,35.22190002688172,2024-12-01,2024-12
DEOK ZONE,2025,1,56.132991989247316,2025-01-01,2025-01
DEOK ZONE,2025,2,45.95949485119048,2025-02-01,2025-02
DEOK ZONE,2025,3,39.85309113055182,2025-03-01,2025-03
DEOK ZONE,2025,4,46.05462541666667,2025-04-01,2025-04
DEOK ZONE,2025,5,32.93136627688172,2025-05-01,2025-05
DEOK ZONE,2025,6,43.166513611111114,2025-06-01,2025-06
DEOK ZONE,2025,7,54.50878047043011,2025-07-01,2025-07
DEOK ZONE,2025,8,36.36096321236559,2025-08-01,2025-08
DEOK ZONE,2025,9,35.51372456479691,2025-09-01,2025-09
DOM ZONE,2021,1,26.544718024193546,2021-01-01,2021-01
DOM ZONE,2021,2,43.21098154761905,2021-02-01,2021-02
DOM ZONE,2021,3,26.4902000538358,2021-03-01,2021-03
DOM ZONE,2021,4,30.538429569444446,2021-04-01,2021-04
DOM ZONE,2021,5,33.32396325268817,2021-05-01,2021-05
DOM ZONE,2021,6,33.35999941666667,2021-06-01,2021-06
DOM ZONE,2021,7,38.75246286290323,2021-07-01,2021-07
DOM ZONE,2021,8,45.75314080645161,2021-08-01,2021-08
DOM ZONE,2021,9,49.00094048611111,2021-09-01,2021-09
DOM ZONE,2021,10,62.42623936827957,2021-10-01,2021-10
DOM ZONE,2021,11,69.98271814583333,2021-11-01,2021-11
DOM ZONE,2021,12,39.92532115591398,2021-12-01,2021-12
DOM ZONE,2022,1,73.5074977688172,2022-01-01,2022-01
DOM ZONE,2022,2,54.6870744047619,2022-02-01,2022-02
DOM ZONE,2022,3,48.32385963660835,2022-03-01,2022-03
DOM ZONE,2022,4,71.36770269444445,2022-04-01,2022-04
DOM ZONE,2022,5,108.457093172043,2022-05-01,2022-05
DOM ZONE,2022,6,92.89224530555556,2022-06-01,2022-06
DOM ZONE,2022,7,99.75009771505377,2022-07-01,2022-07
DOM ZONE,2022,8,115.83014793010751,2022-08-01,2022-08
DOM ZONE,2022,9,94.9208455,2022-09-01,2022-09
DOM ZONE,2022,10,66.28503759408602,2022-10-01,2022-10
DOM ZONE,2022,11,69.07189548611112,2022-11-01,2022-11
DOM ZONE,2022,12,104.66723141129032,2022-12-01,2022-12
DOM ZONE,2023,1,39.181310712365594,2023-01-01,2023-01
DOM ZONE,2023,2,33.49438741071429,2023-02-01,2023-02
DOM ZONE,2023,3,31.285861574697176,2023-03-01,2023-03
DOM ZONE,2023,4,38.60269227777778,2023-04-01,2023-04
DOM ZONE,2023,5,33.835571626344084,2023-05-01,2023-05
DOM ZONE,2023,6,30.455098,2023-06-01,2023-06
DOM ZONE,2023,7,40.73531775537634,2023-07-01,2023-07
DOM ZONE,2023,8,33.363673602150534,2023-08-01,2023-08
DOM ZONE,2023,9,34.95609420833333,2023-09-01,2023-09
DOM ZONE,2023,10,42.04265161290323,2023-10-01,2023-10
DOM ZONE,2023,11,40.21889154861111,2023-11-01,2023-11
DOM ZONE,2023,12,31.060909422043014,2023-12-01,2023-12
DOM ZONE,2024,1,51.335740255376344,2024-01-01,2024-01
DOM ZONE,2024,2,25.31442557471264,2024-02-01,2024-02
DOM ZONE,2024,3,23.7063265948856,2024-03-01,2024-03
DOM ZONE,2024,4,32.29943211111111,2024-04-01,2024-04
DOM ZONE,2024,5,44.79444052419355,2024-05-01,2024-05
DOM ZONE,2024,6,33.53580086111111,2024-06-01,2024-06
DOM ZONE,2024,7,46.89910790322581,2024-07-01,2024-07
DOM ZONE,2024,8,37.27168739247312,2024-08-01,2024-08
DOM ZONE,2024,9,34.200358944444446,2024-09-01,2024-09
DOM ZONE,2024,10,38.87639569892473,2024-10-01,2024-10
DOM ZONE,2024,11,32.51546670138889,2024-11-01,2024-11
DOM ZONE,2024,12,42.267246061827954,2024-12-01,2024-12
DOM ZONE,2025,1,75.66234436827956,2025-01-01,2025-01
DOM ZONE,2025,2,50.151152857142854,2025-02-01,2025-02
DOM ZONE,2025,3,46.72648915208614,2025-03-01,2025-03
DOM ZONE,2025,4,56.37933411111111,2025-04-01,2025-04
DOM ZONE,2025,5,53.883135618279574,2025-05-01,2025-05
DOM ZONE,2025,6,63.31301588888889,2025-06-01,2025-06
DOM ZONE,2025,7,77.96434010752688,2025-07-01,2025-07
DOM ZONE,2025,8,39.41574682795699,2025-08-01,2025-08
DOM ZONE,2025,9,42.0449502901354,2025-09-01,2025-09
DPL ZONE,2021,1,24.04973146505376,2021-01-01,2021-01
DPL ZONE,2021,2,42.23850421130952,2021-02-01,2021-02
DPL ZONE,2021,3,37.74737865410498,2021-03-01,2021-03
DPL ZONE,2021,4,22.226272791666666,2021-04-01,2021-04
DPL ZONE,2021,5,23.72504634408602,2021-05-01,2021-05
DPL ZONE,2021,6,29.922536124999997,2021-06-01,2021-06
DPL ZONE,2021,7,37.27033397849462,2021-07-01,2021-07
DPL ZONE,2021,8,43.05674219086021,2021-08-01,2021-08
DPL ZONE,2021,9,38.87087702777777,2021-09-01,2021-09
DPL ZONE,2021,10,46.586986747311826,2021-10-01,2021-10
DPL ZONE,2021,11,51.16086468055555,2021-11-01,2021-11
DPL ZONE,2021,12,43.99228541666667,2021-12-01,2021-12
DPL ZONE,2022,1,73.4916172311828,2022-01-01,2022-01
DPL ZONE,2022,2,55.56847477678572,2022-02-01,2022-02
DPL ZONE,2022,3,42.8215232705249,2022-03-01,2022-03
DPL ZONE,2022,4,55.45075679166666,2022-04-01,2022-04
DPL ZONE,2022,5,62.16542533602151,2022-05-01,2022-05
DPL ZONE,2022,6,62.63541241666666,2022-06-01,2022-06
DPL ZONE,2022,7,92.39288206989248,2022-07-01,2022-07
DPL ZONE,2022,8,105.7008266935484,2022-08-01,2022-08
DPL ZONE,2022,9,62.277703208333335,2022-09-01,2022-09
DPL ZONE,2022,10,52.726691397849464,2022-10-01,2022-10
DPL ZONE,2022,11,46.765245694444445,2022-11-01,2022-11
DPL ZONE,2022,12,94.6901889516129,2022-12-01,2022-12
DPL ZONE,2023,1,31.169839543010752,2023-01-01,2023-01
DPL ZONE,2023,2,32.14846467261905,2023-02-01,2023-02
DPL ZONE,2023,3,24.470272301480485,2023-03-01,2023-03
DPL ZONE,2023,4,24.034818680555553,2023-04-01,2023-04
DPL ZONE,2023,5,16.34201329301075,2023-05-01,2023-05
DPL ZONE,2023,6,18.27485272222222,2023-06-01,2023-06
DPL ZONE,2023,7,45.9027015188172,2023-07-01,2023-07
DPL ZONE,2023,8,26.707120846774195,2023-08-01,2023-08
DPL ZONE,2023,9,25.908863361111113,2023-09-01,2023-09
DPL ZONE,2023,10,19.000544018817205,2023-10-01,2023-10
DPL ZONE,2023,11,28.562865173611108,2023-11-01,2023-11
DPL ZONE,2023,12,30.611507190860216,2023-12-01,2023-12
DPL ZONE,2024,1,45.707997607526885,2024-01-01,2024-01
DPL ZONE,2024,2,21.13537143678161,2024-02-01,2024-02
DPL ZONE,2024,3,18.49633854643338,2024-03-01,2024-03
DPL ZONE,2024,4,21.88228975,2024-04-01,2024-04
DPL ZONE,2024,5,21.879520510752688,2024-05-01,2024-05
DPL ZONE,2024,6,31.975018888888886,2024-06-01,2024-06
DPL ZONE,2024,7,54.23699182795699,2024-07-01,2024-07
DPL ZONE,2024,8,37.148802043010754,2024-08-01,2024-08
DPL ZONE,2024,9,25.086229347222222,2024-09-01,2024-09
DPL ZONE,2024,10,30.84148544354839,2024-10-01,2024-10
DPL ZONE,2024,11,28.39164673611111,2024-11-01,2024-11
DPL ZONE,2024,12,38.277315268817205,2024-12-01,2024-12
DPL ZONE,2025,1,73.27325319892473,2025-01-01,2025-01
DPL ZONE,2025,2,48.522184538690475,2025-02-01,2025-02
DPL ZONE,2025,3,34.96980740242261,2025-03-01,2025-03
DPL ZONE,2025,4,36.53124143055555,2025-04-01,2025-04
DPL ZONE,2025,5,28.195648427419357,2025-05-01,2025-05
DPL ZONE,2025,6,44.814503736111114,2025-06-01,2025-06
DPL ZONE,2025,7,69.10093633064515,2025-07-01,2025-07
DPL ZONE,2025,8,34.36374073924731,2025-08-01,2025-08
DPL ZONE,2025,9,26.660331121856867,2025-09-01,2025-09
DUQ ZONE,2021,1,24.304298978494625,2021-01-01,2021-01
DUQ ZONE,2021,2,40.61702880952381,2021-02-01,2021-02
DUQ ZONE,2021,3,23.992707025572006,2021-03-01,2021-03
DUQ ZONE,2021,4,27.40906490277778,2021-04-01,2021-04
DUQ ZONE,2021,5,27.839738440860216,2021-05-01,2021-05
DUQ ZONE,2021,6,30.63207116666667,2021-06-01,2021-06
DUQ ZONE,2021,7,35.88712919354839,2021-07-01,2021-07
DUQ ZONE,2021,8,41.91867392473118,2021-08-01,2021-08
DUQ ZONE,2021,9,43.47224630555555,2021-09-01,2021-09
DUQ ZONE,2021,10,58.27895309139785,2021-10-01,2021-10
DUQ ZONE,2021,11,63.37978133333334,2021-11-01,2021-11
DUQ ZONE,2021,12,35.69835188172043,2021-12-01,2021-12
DUQ ZONE,2022,1,50.85606629032258,2022-01-01,2022-01
DUQ ZONE,2022,2,46.686566904761904,2022-02-01,2022-02
DUQ ZONE,2022,3,44.18719705248991,2022-03-01,2022-03
DUQ ZONE,2022,4,64.87685241666667,2022-04-01,2022-04
DUQ ZONE,2022,5,76.44470135752688,2022-05-01,2022-05
DUQ ZONE,2022,6,85.06281431944444,2022-06-01,2022-06
DUQ ZONE,2022,7,87.41416682795699,2022-07-01,2022-07
DUQ ZONE,2022,8,91.3405225672043,2022-08-01,2022-08
DUQ ZONE,2022,9,76.43212977777777,2022-09-01,2022-09
DUQ ZONE,2022,10,58.78679766129033,2022-10-01,2022-10
DUQ ZONE,2022,11,52.87679188194445,2022-11-01,2022-11
DUQ ZONE,2022,12,81.40965,2022-12-01,2022-12
DUQ ZONE,2023,1,36.508425376344086,2023-01-01,2023-01
DUQ ZONE,2023,2,27.606394345238094,2023-02-01,2023-02
DUQ ZONE,2023,3,28.301814333781962,2023-03-01,2023-03
DUQ ZONE,2023,4,30.327914430555555,2023-04-01,2023-04
DUQ ZONE,2023,5,29.671360443548387,2023-05-01,2023-05
DUQ ZONE,2023,6,26.08275888888889,2023-06-01,2023-06
DUQ ZONE,2023,7,35.85879532258065,2023-07-01,2023-07
DUQ ZONE,2023,8,28.27420306451613,2023-08-01,2023-08
DUQ ZONE,2023,9,28.70189088888889,2023-09-01,2023-09
DUQ ZONE,2023,10,37.150226303763446,2023-10-01,2023-10
DUQ ZONE,2023,11,35.74044963194444,2023-11-01,2023-11
DUQ ZONE,2023,12,27.883299233870968,2023-12-01,2023-12
DUQ ZONE,2024,1,41.931286088709676,2024-01-01,2024-01
DUQ ZONE,2024,2,23.438884899425286,2024-02-01,2024-02
DUQ ZONE,2024,3,21.460616110363393,2024-03-01,2024-03
DUQ ZONE,2024,4,26.653556958333336,2024-04-01,2024-04
DUQ ZONE,2024,5,31.40900626344086,2024-05-01,2024-05
DUQ ZONE,2024,6,30.620009541666665,2024-06-01,2024-06
DUQ ZONE,2024,7,37.72960120967742,2024-07-01,2024-07
DUQ ZONE,2024,8,31.798917284946235,2024-08-01,2024-08
DUQ ZONE,2024,9,29.15390576388889,2024-09-01,2024-09
DUQ ZONE,2024,10,33.13027196236559,2024-10-01,2024-10
DUQ ZONE,2024,11,29.733169694444445,2024-11-01,2024-11
DUQ ZONE,2024,12,33.89082510752688,2024-12-01,2024-12
DUQ ZONE,2025,1,56.67587260752688,2025-01-01,2025-01
DUQ ZONE,2025,2,44.80801370535714,2025-02-01,2025-02
DUQ ZONE,2025,3,41.16815148048452,2025-03-01,2025-03
DUQ ZONE,2025,4,44.957443875,2025-04-01,2025-04
DUQ ZONE,2025,5,31.344250913978495,2025-05-01,2025-05
DUQ ZONE,2025,6,42.25391593055555,2025-06-01,2025-06
DUQ ZONE,2025,7,53.47087606182795,2025-07-01,2025-07
DUQ ZONE,2025,8,34.839747876344084,2025-08-01,2025-08
DUQ ZONE,2025,9,33.38276640232108,2025-09-01,2025-09
EKPC ZONE,2021,1,25.586039663978497,2021-01-01,2021-01
EKPC ZONE,2021,2,43.10346462797619,2021-02-01,2021-02
EKPC ZONE,2021,3,24.256324818304172,2021-03-01,2021-03
EKPC ZONE,2021,4,28.05832188888889,2021-04-01,2021-04
EKPC ZONE,2021,5,28.645343440860216,2021-05-01,2021-05
EKPC ZONE,2021,6,30.988712680555555,2021-06-01,2021-06
EKPC ZONE,2021,7,36.01066809139785,2021-07-01,2021-07
EKPC ZONE,2021,8,41.56532555107527,2021-08-01,2021-08
EKPC ZONE,2021,9,44.15336873611111,2021-09-01,2021-09
EKPC ZONE,2021,10,58.481296908602154,2021-10-01,2021-10
EKPC ZONE,2021,11,65.90907470138889,2021-11-01,2021-11
EKPC ZONE,2021,12,38.99515775537634,2021-12-01,2021-12
EKPC ZONE,2022,1,55.99286036290323,2022-01-01,2022-01
EKPC ZONE,2022,2,47.91191787202381,2022-02-01,2022-02
EKPC ZONE,2022,3,46.07353231493944,2022-03-01,2022-03
EKPC ZONE,2022,4,66.38805994444445,2022-04-01,2022-04
EKPC ZONE,2022,5,78.97263663978495,2022-05-01,2022-05
EKPC ZONE,2022,6,88.40415090277777,2022-06-01,2022-06
EKPC ZONE,2022,7,87.74418162634409,2022-07-01,2022-07
EKPC ZONE,2022,8,94.24025419354838,2022-08-01,2022-08
EKPC ZONE,2022,9,79.38141808333333,2022-09-01,2022-09
EKPC ZONE,2022,10,59.76162270161291,2022-10-01,2022-10
EKPC ZONE,2022,11,54.08236077083333,2022-11-01,2022-11
EKPC ZONE,2022,12,84.43888561827957,2022-12-01,2022-12
EKPC ZONE,2023,1,36.56568639784946,2023-01-01,2023-01
EKPC ZONE,2023,2,28.359537291666665,2023-02-01,2023-02
EKPC ZONE,2023,3,29.41145006729475,2023-03-01,2023-03
EKPC ZONE,2023,4,30.434585569444444,2023-04-01,2023-04
EKPC ZONE,2023,5,30.471570940860214,2023-05-01,2023-05
EKPC ZONE,2023,6,27.623647152777778,2023-06-01,2023-06
EKPC ZONE,2023,7,35.98998494623656,2023-07-01,2023-07
EKPC ZONE,2023,8,30.17003693548387,2023-08-01,2023-08
EKPC ZONE,2023,9,29.491383902777777,2023-09-01,2023-09
EKPC ZONE,2023,10,34.663637567204304,2023-10-01,2023-10
EKPC ZONE,2023,11,31.609599208333332,2023-11-01,2023-11
EKPC ZONE,2023,12,26.947526653225808,2023-12-01,2023-12
EKPC ZONE,2024,1,44.52920350806451,2024-01-01,2024-01
EKPC ZONE,2024,2,23.444879022988506,2024-02-01,2024-02
EKPC ZONE,2024,3,21.83422858681023,2024-03-01,2024-03
EKPC ZONE,2024,4,26.414012805555558,2024-04-01,2024-04
EKPC ZONE,2024,5,30.29424251344086,2024-05-01,2024-05
EKPC ZONE,2024,6,28.681585430555554,2024-06-01,2024-06
EKPC ZONE,2024,7,34.35226740591398,2024-07-01,2024-07
EKPC ZONE,2024,8,30.725410873655914,2024-08-01,2024-08
EKPC ZONE,2024,9,29.83649575,2024-09-01,2024-09
EKPC ZONE,2024,10,32.99381385752688,2024-10-01,2024-10
EKPC ZONE,2024,11,29.206327979166666,2024-11-01,2024-11
EKPC ZONE,2024,12,34.64675931451613,2024-12-01,2024-12
EKPC ZONE,2025,1,57.43894541666666,2025-01-01,2025-01
EKPC ZONE,2025,2,45.73715135416667,2025-02-01,2025-02
EKPC ZONE,2025,3,39.625227765814266,2025-03-01,2025-03
EKPC ZONE,2025,4,44.7969965,2025-04-01,2025-04
EKPC ZONE,2025,5,32.52547721774194,2025-05-01,2025-05
EKPC ZONE,2025,6,42.123934625,2025-06-01,2025-06
EKPC ZONE,2025,7,53.646508521505375,2025-07-01,2025-07
EKPC ZONE,2025,8,35.78766326612903,2025-08-01,2025-08
EKPC ZONE,2025,9,35.612594835589945,2025-09-01,2025-09
JCPL ZONE,2021,1,22.72806853494624,2021-01-01,2021-01
JCPL ZONE,2021,2,38.9824709077381,2021-02-01,2021-02
JCPL ZONE,2021,3,21.18051133243607,2021-03-01,2021-03
JCPL ZONE,2021,4,21.364237513888888,2021-04-01,2021-04
JCPL ZONE,2021,5,23.648973225806454,2021-05-01,2021-05
JCPL ZONE,2021,6,27.85388133333333,2021-06-01,2021-06
JCPL ZONE,2021,7,33.63534177419355,2021-07-01,2021-07
JCPL ZONE,2021,8,39.319901048387095,2021-08-01,2021-08
JCPL ZONE,2021,9,38.56190331944445,2021-09-01,2021-09
JCPL ZONE,2021,10,47.05941889784946,2021-10-01,2021-10
JCPL ZONE,2021,11,46.93393834027778,2021-11-01,2021-11
JCPL ZONE,2021,12,31.760734717741936,2021-12-01,2021-12
JCPL ZONE,2022,1,70.37638079301075,2022-01-01,2022-01
JCPL ZONE,2022,2,48.14791955357143,2022-02-01,2022-02
JCPL ZONE,2022,3,41.08011919246299,2022-03-01,2022-03
JCPL ZONE,2022,4,57.07771854166666,2022-04-01,2022-04
JCPL ZONE,2022,5,64.34470475806451,2022-05-01,2022-05
JCPL ZONE,2022,6,66.53777618055555,2022-06-01,2022-06
JCPL ZONE,2022,7,82.76733245967742,2022-07-01,2022-07
JCPL ZONE,2022,8,93.17152447580645,2022-08-01,2022-08
JCPL ZONE,2022,9,64.3700690138889,2022-09-01,2022-09
JCPL ZONE,2022,10,47.738068870967744,2022-10-01,2022-10
JCPL ZONE,2022,11,44.14441714583333,2022-11-01,2022-11
JCPL ZONE,2022,12,88.17667469086021,2022-12-01,2022-12
JCPL ZONE,2023,1,31.724125443548385,2023-01-01,2023-01
JCPL ZONE,2023,2,28.898318779761905,2023-02-01,2023-02
JCPL ZONE,2023,3,25.243136971736206,2023-03-01,2023-03
JCPL ZONE,2023,4,24.34688352777778,2023-04-01,2023-04
JCPL ZONE,2023,5,20.115453508064515,2023-05-01,2023-05
JCPL ZONE,2023,6,19.749462666666666,2023-06-01,2023-06
JCPL ZONE,2023,7,31.229470524193548,2023-07-01,2023-07
JCPL ZONE,2023,8,20.056202688172043,2023-08-01,2023-08
JCPL ZONE,2023,9,20.510092680555555,2023-09-01,2023-09
JCPL ZONE,2023,10,24.131181827956986,2023-10-01,2023-10
JCPL ZONE,2023,11,28.4895205625,2023-11-01,2023-11
JCPL ZONE,2023,12,22.935600658602148,2023-12-01,2023-12
JCPL ZONE,2024,1,43.80149149193548,2024-01-01,2024-01
JCPL ZONE,2024,2,21.187803318965518,2024-02-01,2024-02
JCPL ZONE,2024,3,18.926374468371467,2024-03-01,2024-03
JCPL ZONE,2024,4,23.304801152777777,2024-04-01,2024-04
JCPL ZONE,2024,5,22.493178991935483,2024-05-01,2024-05
JCPL ZONE,2024,6,25.978879986111114,2024-06-01,2024-06
JCPL ZONE,2024,7,34.844907594086024,2024-07-01,2024-07
JCPL ZONE,2024,8,28.04643053763441,2024-08-01,2024-08
JCPL ZONE,2024,9,23.193568444444445,2024-09-01,2024-09
JCPL ZONE,2024,10,25.31397715053763,2024-10-01,2024-10
JCPL ZONE,2024,11,27.66122225,2024-11-01,2024-11
JCPL ZONE,2024,12,35.37658940860215,2024-12-01,2024-12
JCPL ZONE,2025,1,67.18527325268818,2025-01-01,2025-01
JCPL ZONE,2025,2,47.54370546130953,2025-02-01,2025-02
JCPL ZONE,2025,3,37.36484273216689,2025-03-01,2025-03
JCPL ZONE,2025,4,36.53213077777778,2025-04-01,2025-04
JCPL ZONE,2025,5,28.76346923387097,2025-05-01,2025-05
JCPL ZONE,2025,6,37.044347055555555,2025-06-01,2025-06
JCPL ZONE,2025,7,54.84992631720429,2025-07-01,2025-07
JCPL ZONE,2025,8,32.32960654569892,2025-08-01,2025-08
JCPL ZONE,2025,9,25.107445396518376,2025-09-01,2025-09
METED ZONE,2021,1,24.534518454301075,2021-01-01,2021-01
METED ZONE,2021,2,39.95079455357143,2021-02-01,2021-02
METED ZONE,2021,3,22.45733639300135,2021-03-01,2021-03
METED ZONE,2021,4,24.20552826388889,2021-04-01,2021-04
METED ZONE,2021,5,26.496168387096777,2021-05-01,2021-05
METED ZONE,2021,6,29.51668801388889,2021-06-01,2021-06
METED ZONE,2021,7,36.01164805107527,2021-07-01,2021-07
METED ZONE,2021,8,45.55729375,2021-08-01,2021-08
METED ZONE,2021,9,44.45773823611111,2021-09-01,2021-09
METED ZONE,2021,10,57.16346551075269,2021-10-01,2021-10
METED ZONE,2021,11,61.121901888888885,2021-11-01,2021-11
METED ZONE,2021,12,40.15916434139785,2021-12-01,2021-12
METED ZONE,2022,1,76.47714760752687,2022-01-01,2022-01
METED ZONE,2022,2,52.83542255952381,2022-02-01,2022-02
METED ZONE,2022,3,43.61584611036339,2022-03-01,2022-03
METED ZONE,2022,4,62.273554069444444,2022-04-01,2022-04
METED ZONE,2022,5,77.3567904704301,2022-05-01,2022-05
METED ZONE,2022,6,77.25686866666668,2022-06-01,2022-06
METED ZONE,2022,7,91.94286801075269,2022-07-01,2022-07
METED ZONE,2022,8,116.39838368279571,2022-08-01,2022-08
METED ZONE,2022,9,76.5422652361111,2022-09-01,2022-09
METED ZONE,2022,10,55.53759331989247,2022-10-01,2022-10
METED ZONE,2022,11,52.467805840277784,2022-11-01,2022-11
METED ZONE,2022,12,93.82304823924731,2022-12-01,2022-12
METED ZONE,2023,1,36.756813266129036,2023-01-01,2023-01
METED ZONE,2023,2,30.394318928571426,2023-02-01,2023-02
METED ZONE,2023,3,26.720757590847914,2023-03-01,2023-03
METED ZONE,2023,4,25.451626944444442,2023-04-01,2023-04
METED ZONE,2023,5,24.858943360215054,2023-05-01,2023-05
METED ZONE,2023,6,22.201447944444446,2023-06-01,2023-06
METED ZONE,2023,7,31.138811491935485,2023-07-01,2023-07
METED ZONE,2023,8,20.42435248655914,2023-08-01,2023-08
METED ZONE,2023,9,21.622336194444447,2023-09-01,2023-09
METED ZONE,2023,10,32.147529892473116,2023-10-01,2023-10
METED ZONE,2023,11,32.12755826388889,2023-11-01,2023-11
METED ZONE,2023,12,25.283926935483873,2023-12-01,2023-12
METED ZONE,2024,1,47.86431858870968,2024-01-01,2024-01
METED ZONE,2024,2,22.75848488505747,2024-02-01,2024-02
METED ZONE,2024,3,20.79724756393001,2024-03-01,2024-03
METED ZONE,2024,4,26.38857234722222,2024-04-01,2024-04
METED ZONE,2024,5,24.745294435483867,2024-05-01,2024-05
METED ZONE,2024,6,25.968295500000004,2024-06-01,2024-06
METED ZONE,2024,7,34.009165241935484,2024-07-01,2024-07
METED ZONE,2024,8,27.99470440860215,2024-08-01,2024-08
METED ZONE,2024,9,25.010736180555554,2024-09-01,2024-09
METED ZONE,2024,10,24.71406064516129,2024-10-01,2024-10
METED ZONE,2024,11,28.227661381944447,2024-11-01,2024-11
METED ZONE,2024,12,35.42718688172043,2024-12-01,2024-12
METED ZONE,2025,1,68.87312037634409,2025-01-01,2025-01
METED ZONE,2025,2,46.38220227678572,2025-02-01,2025-02
METED ZONE,2025,3,40.69351573351279,2025-03-01,2025-03
METED ZONE,2025,4,38.37594615277778,2025-04-01,2025-04
METED ZONE,2025,5,32.93807341397849,2025-05-01,2025-05
METED ZONE,2025,6,41.394191513888885,2025-06-01,2025-06
METED ZONE,2025,7,59.073517567204306,2025-07-01,2025-07
METED ZONE,2025,8,32.726948951612904,2025-08-01,2025-08
METED ZONE,2025,9,26.346129381044488,2025-09-01,2025-09
MID-ATL/APS ZONE,2021,1,27.23469306451613,2021-01-01,2021-01
MID-ATL/APS ZONE,2021,2,44.08224665178572,2021-02-01,2021-02
MID-ATL/APS ZONE,2021,3,30.97305537012113,2021-03-01,2021-03
MID-ATL/APS ZONE,2021,4,28.74312666666667,2021-04-01,2021-04
MID-ATL/APS ZONE,2021,5,28.832040309139785,2021-05-01,2021-05
MID-ATL/APS ZONE,2021,6,32.89124455555556,2021-06-01,2021-06
MID-ATL/APS ZONE,2021,7,38.91703362903226,2021-07-01,2021-07
MID-ATL/APS ZONE,2021,8,44.762788965053765,2021-08-01,2021-08
MID-ATL/APS ZONE,2021,9,46.006459944444444,2021-09-01,2021-09
MID-ATL/APS ZONE,2021,10,60.10150430107527,2021-10-01,2021-10
MID-ATL/APS ZONE,2021,11,68.27491290277779,2021-11-01,2021-11
MID-ATL/APS ZONE,2021,12,41.571848938172046,2021-12-01,2021-12
MID-ATL/APS ZONE,2022,1,72.30584130376344,2022-01-01,2022-01
MID-ATL/APS ZONE,2022,2,55.16462790178572,2022-02-01,2022-02
MID-ATL/APS ZONE,2022,3,47.595354024226104,2022-03-01,2022-03
MID-ATL/APS ZONE,2022,4,67.67309504166666,2022-04-01,2022-04
MID-ATL/APS ZONE,2022,5,81.99548166666666,2022-05-01,2022-05
MID-ATL/APS ZONE,2022,6,88.67049899999999,2022-06-01,2022-06
MID-ATL/APS ZONE,2022,7,97.99235451612903,2022-07-01,2022-07
MID-ATL/APS ZONE,2022,8,107.32788489247312,2022-08-01,2022-08
MID-ATL/APS ZONE,2022,9,83.96755318055556,2022-09-01,2022-09
MID-ATL/APS ZONE,2022,10,63.32108259408602,2022-10-01,2022-10
MID-ATL/APS ZONE,2022,11,57.00455505555556,2022-11-01,2022-11
MID-ATL/APS ZONE,2022,12,98.1027346236559,2022-12-01,2022-12
MID-ATL/APS ZONE,2023,1,38.68223639784946,2023-01-01,2023-01
MID-ATL/APS ZONE,2023,2,34.30311450892857,2023-02-01,2023-02
MID-ATL/APS ZONE,2023,3,29.773645047106324,2023-03-01,2023-03
MID-ATL/APS ZONE,2023,4,31.963080069444445,2023-04-01,2023-04
MID-ATL/APS ZONE,2023,5,30.71824186827957,2023-05-01,2023-05
MID-ATL/APS ZONE,2023,6,28.581216166666668,2023-06-01,2023-06
MID-ATL/APS ZONE,2023,7,43.25450498655914,2023-07-01,2023-07
MID-ATL/APS ZONE,2023,8,33.43320638440861,2023-08-01,2023-08
MID-ATL/APS ZONE,2023,9,34.426263541666664,2023-09-01,2023-09
MID-ATL/APS ZONE,2023,10,36.36756751344086,2023-10-01,2023-10
MID-ATL/APS ZONE,2023,11,37.00336145833333,2023-11-01,2023-11
MID-ATL/APS ZONE,2023,12,32.62701639784946,2023-12-01,2023-12
MID-ATL/APS ZONE,2024,1,49.71858149193548,2024-01-01,2024-01
MID-ATL/APS ZONE,2024,2,24.581528706896552,2024-02-01,2024-02
MID-ATL/APS ZONE,2024,3,23.00980850605653,2024-03-01,2024-03
MID-ATL/APS ZONE,2024,4,28.27935611111111,2024-04-01,2024-04
MID-ATL/APS ZONE,2024,5,34.55160740591398,2024-05-01,2024-05
MID-ATL/APS ZONE,2024,6,34.59322915277778,2024-06-01,2024-06
MID-ATL/APS ZONE,2024,7,55.85827182795698,2024-07-01,2024-07
MID-ATL/APS ZONE,2024,8,39.167447862903224,2024-08-01,2024-08
MID-ATL/APS ZONE,2024,9,31.258754958333334,2024-09-01,2024-09
MID-ATL/APS ZONE,2024,10,38.420558104838705,2024-10-01,2024-10
MID-ATL/APS ZONE,2024,11,30.324250930555557,2024-11-01,2024-11
MID-ATL/APS ZONE,2024,12,35.36821884408602,2024-12-01,2024-12
MID-ATL/APS ZONE,2025,1,73.72152489247311,2025-01-01,2025-01
MID-ATL/APS ZONE,2025,2,47.09373727678572,2025-02-01,2025-02
MID-ATL/APS ZONE,2025,3,45.36457156123822,2025-03-01,2025-03
MID-ATL/APS ZONE,2025,4,46.84786844444444,2025-04-01,2025-04
MID-ATL/APS ZONE,2025,5,38.11923154569892,2025-05-01,2025-05
MID-ATL/APS ZONE,2025,6,50.05711418055556,2025-06-01,2025-06
MID-ATL/APS ZONE,2025,7,73.04818370967742,2025-07-01,2025-07
MID-ATL/APS ZONE,2025,8,35.5150913172043,2025-08-01,2025-08
MID-ATL/APS ZONE,2025,9,36.4626566344294,2025-09-01,2025-09
OVEC ZONE,2021,1,24.549821438172042,2021-01-01,2021-01
OVEC ZONE,2021,2,41.14129081845238,2021-02-01,2021-02
OVEC ZONE,2021,3,24.160790497981157,2021-03-01,2021-03
OVEC ZONE,2021,4,28.171051847222223,2021-04-01,2021-04
OVEC ZONE,2021,5,26.794875080645163,2021-05-01,2021-05
OVEC ZONE,2021,6,30.441787694444443,2021-06-01,2021-06
OVEC ZONE,2021,7,35.52158186827957,2021-07-01,2021-07
OVEC ZONE,2021,8,40.787710604838715,2021-08-01,2021-08
OVEC ZONE,2021,9,43.737689833333334,2021-09-01,2021-09
OVEC ZONE,2021,10,57.818275,2021-10-01,2021-10
OVEC ZONE,2021,11,63.81905784027777,2021-11-01,2021-11
OVEC ZONE,2021,12,37.05995556451613,2021-12-01,2021-12
OVEC ZONE,2022,1,53.1443638172043,2022-01-01,2022-01
OVEC ZONE,2022,2,46.2724359077381,2022-02-01,2022-02
OVEC ZONE,2022,3,44.94217602960969,2022-03-01,2022-03
OVEC ZONE,2022,4,65.1343708888889,2022-04-01,2022-04
OVEC ZONE,2022,5,76.51116530913978,2022-05-01,2022-05
OVEC ZONE,2022,6,85.53251011111111,2022-06-01,2022-06
OVEC ZONE,2022,7,86.47613856182797,2022-07-01,2022-07
OVEC ZONE,2022,8,92.68406893817203,2022-08-01,2022-08
OVEC ZONE,2022,9,78.39370434722223,2022-09-01,2022-09
OVEC ZONE,2022,10,59.1432214516129,2022-10-01,2022-10
OVEC ZONE,2022,11,53.098766097222224,2022-11-01,2022-11
OVEC ZONE,2022,12,80.51283178763441,2022-12-01,2022-12
OVEC ZONE,2023,1,36.18608454301076,2023-01-01,2023-01
OVEC ZONE,2023,2,27.71142491071429,2023-02-01,2023-02
OVEC ZONE,2023,3,28.990157994616418,2023-03-01,2023-03
OVEC ZONE,2023,4,30.02295447222222,2023-04-01,2023-04
OVEC ZONE,2023,5,30.416729744623655,2023-05-01,2023-05
OVEC ZONE,2023,6,26.47802390277778,2023-06-01,2023-06
OVEC ZONE,2023,7,35.20592362903226,2023-07-01,2023-07
OVEC ZONE,2023,8,28.82882685483871,2023-08-01,2023-08
OVEC ZONE,2023,9,29.06035751388889,2023-09-01,2023-09
OVEC ZONE,2023,10,34.97931067204301,2023-10-01,2023-10
OVEC ZONE,2023,11,31.362530645833335,2023-11-01,2023-11
OVEC ZONE,2023,12,26.359982822580644,2023-12-01,2023-12
OVEC ZONE,2024,1,40.7641763172043,2024-01-01,2024-01
OVEC ZONE,2024,2,23.209867198275862,2024-02-01,2024-02
OVEC ZONE,2024,3,21.898529488559895,2024-03-01,2024-03
OVEC ZONE,2024,4,26.52127411111111,2024-04-01,2024-04
OVEC ZONE,2024,5,30.2120660483871,2024-05-01,2024-05
OVEC ZONE,2024,6,28.312260125,2024-06-01,2024-06
OVEC ZONE,2024,7,31.788504099462365,2024-07-01,2024-07
OVEC ZONE,2024,8,30.193867150537635,2024-08-01,2024-08
OVEC ZONE,2024,9,29.655982291666668,2024-09-01,2024-09
OVEC ZONE,2024,10,32.88521119623656,2024-10-01,2024-10
OVEC ZONE,2024,11,29.139565520833337,2024-11-01,2024-11
OVEC ZONE,2024,12,34.014310510752686,2024-12-01,2024-12
OVEC ZONE,2025,1,53.61154154569893,2025-01-01,2025-01
OVEC ZONE,2025,2,44.53941556547619,2025-02-01,2025-02
OVEC ZONE,2025,3,38.772122624495296,2025-03-01,2025-03
OVEC ZONE,2025,4,44.500245791666664,2025-04-01,2025-04
OVEC ZONE,2025,5,32.28218696236559,2025-05-01,2025-05
OVEC ZONE,2025,6,41.59412076388889,2025-06-01,2025-06
OVEC ZONE,2025,7,52.3881947983871,2025-07-01,2025-07
OVEC ZONE,2025,8,35.187186989247316,2025-08-01,2025-08
OVEC ZONE,2025,9,34.645778742746614,2025-09-01,2025-09
PECO ZONE,2021,1,22.908752123655916,2021-01-01,2021-01
PECO ZONE,2021,2,38.93025086309524,2021-02-01,2021-02
PECO ZONE,2021,3,20.391484347240915,2021-03-01,2021-03
PECO ZONE,2021,4,20.622339097222223,2021-04-01,2021-04
PECO ZONE,2021,5,22.65014034946236,2021-05-01,2021-05
PECO ZONE,2021,6,27.174935736111113,2021-06-01,2021-06
PECO ZONE,2021,7,33.4174797983871,2021-07-01,2021-07
PECO ZONE,2021,8,39.36947295698924,2021-08-01,2021-08
PECO ZONE,2021,9,37.65184211111111,2021-09-01,2021-09
PECO ZONE,2021,10,42.77931091397849,2021-10-01,2021-10
PECO ZONE,2021,11,44.36322197222223,2021-11-01,2021-11
PECO ZONE,2021,12,31.983855913978495,2021-12-01,2021-12
PECO ZONE,2022,1,67.1663315188172,2022-01-01,2022-01
PECO ZONE,2022,2,47.37171063988095,2022-02-01,2022-02
PECO ZONE,2022,3,39.50078676985195,2022-03-01,2022-03
PECO ZONE,2022,4,54.421970236111115,2022-04-01,2022-04
PECO ZONE,2022,5,60.88895779569892,2022-05-01,2022-05
PECO ZONE,2022,6,61.72116304166667,2022-06-01,2022-06
PECO ZONE,2022,7,81.58496810483871,2022-07-01,2022-07
PECO ZONE,2022,8,94.8889804032258,2022-08-01,2022-08
PECO ZONE,2022,9,61.05347547222222,2022-09-01,2022-09
PECO ZONE,2022,10,43.64917991935484,2022-10-01,2022-10
PECO ZONE,2022,11,41.23499252777778,2022-11-01,2022-11
PECO ZONE,2022,12,85.78992069892473,2022-12-01,2022-12
PECO ZONE,2023,1,29.60807674731183,2023-01-01,2023-01
PECO ZONE,2023,2,27.920407380952383,2023-02-01,2023-02
PECO ZONE,2023,3,23.69875409152086,2023-03-01,2023-03
PECO ZONE,2023,4,23.62607333333333,2023-04-01,2023-04
PECO ZONE,2023,5,16.829685779569893,2023-05-01,2023-05
PECO ZONE,2023,6,17.8605625,2023-06-01,2023-06
PECO ZONE,2023,7,30.83729302419355,2023-07-01,2023-07
PECO ZONE,2023,8,19.266280228494622,2023-08-01,2023-08
PECO ZONE,2023,9,19.228658152777776,2023-09-01,2023-09
PECO ZONE,2023,10,20.198910416666667,2023-10-01,2023-10
PECO ZONE,2023,11,25.853067284722222,2023-11-01,2023-11
PECO ZONE,2023,12,20.477029018817202,2023-12-01,2023-12
PECO ZONE,2024,1,42.39013266129032,2024-01-01,2024-01
PECO ZONE,2024,2,19.71412271551724,2024-02-01,2024-02
PECO ZONE,2024,3,17.844055275908477,2024-03-01,2024-03
PECO ZONE,2024,4,22.134584180555557,2024-04-01,2024-04
PECO ZONE,2024,5,21.198999717741938,2024-05-01,2024-05
PECO ZONE,2024,6,26.04975326388889,2024-06-01,2024-06
PECO ZONE,2024,7,39.85645553763441,2024-07-01,2024-07
PECO ZONE,2024,8,28.821229717741936,2024-08-01,2024-08
PECO ZONE,2024,9,21.699751069444446,2024-09-01,2024-09
PECO ZONE,2024,10,24.6680060483871,2024-10-01,2024-10
PECO ZONE,2024,11,26.81680073611111,2024-11-01,2024-11
PECO ZONE,2024,12,33.95884576612903,2024-12-01,2024-12
PECO ZONE,2025,1,66.77104873655914,2025-01-01,2025-01
PECO ZONE,2025,2,46.43844157738096,2025-02-01,2025-02
PECO ZONE,2025,3,33.23269402422611,2025-03-01,2025-03
PECO ZONE,2025,4,35.09506827777778,2025-04-01,2025-04
PECO ZONE,2025,5,27.839723615591396,2025-05-01,2025-05
PECO ZONE,2025,6,35.56974811111111,2025-06-01,2025-06
PECO ZONE,2025,7,54.158183346774194,2025-07-01,2025-07
PECO ZONE,2025,8,31.56308185483871,2025-08-01,2025-08
PECO ZONE,2025,9,24.7624635589942,2025-09-01,2025-09
PENELEC ZONE,2021,1,25.141936155913978,2021-01-01,2021-01
PENELEC ZONE,2021,2,41.77426501488095,2021-02-01,2021-02
PENELEC ZONE,2021,3,23.3948133781965,2021-03-01,2021-03
PENELEC ZONE,2021,4,24.235012597222223,2021-04-01,2021-04
PENELEC ZONE,2021,5,26.090619946236558,2021-05-01,2021-05
PENELEC ZONE,2021,6,29.26335170833333,2021-06-01,2021-06
PENELEC ZONE,2021,7,35.318201545698926,2021-07-01,2021-07
PENELEC ZONE,2021,8,42.525584596774195,2021-08-01,2021-08
PENELEC ZONE,2021,9,43.611137819444444,2021-09-01,2021-09
PENELEC ZONE,2021,10,54.87541321236559,2021-10-01,2021-10
PENELEC ZONE,2021,11,60.466911999999994,2021-11-01,2021-11
PENELEC ZONE,2021,12,39.457528776881716,2021-12-01,2021-12
PENELEC ZONE,2022,1,69.9579904032258,2022-01-01,2022-01
PENELEC ZONE,2022,2,50.072256369047615,2022-02-01,2022-02
PENELEC ZONE,2022,3,44.50511165545088,2022-03-01,2022-03
PENELEC ZONE,2022,4,63.02987493055556,2022-04-01,2022-04
PENELEC ZONE,2022,5,72.3167648655914,2022-05-01,2022-05
PENELEC ZONE,2022,6,77.90207265277778,2022-06-01,2022-06
PENELEC ZONE,2022,7,85.4492550672043,2022-07-01,2022-07
PENELEC ZONE,2022,8,92.27233783602149,2022-08-01,2022-08
PENELEC ZONE,2022,9,75.02244873611112,2022-09-01,2022-09
PENELEC ZONE,2022,10,55.53511467741935,2022-10-01,2022-10
PENELEC ZONE,2022,11,51.70071184722222,2022-11-01,2022-11
PENELEC ZONE,2022,12,84.44748451612904,2022-12-01,2022-12
PENELEC ZONE,2023,1,37.080692943548385,2023-01-01,2023-01
PENELEC ZONE,2023,2,30.939396726190477,2023-02-01,2023-02
PENELEC ZONE,2023,3,27.58158211305518,2023-03-01,2023-03
PENELEC ZONE,2023,4,28.237686125000003,2023-04-01,2023-04
PENELEC ZONE,2023,5,26.4691038844086,2023-05-01,2023-05
PENELEC ZONE,2023,6,24.755239708333335,2023-06-01,2023-06
PENELEC ZONE,2023,7,36.07253625,2023-07-01,2023-07
PENELEC ZONE,2023,8,25.839147083333334,2023-08-01,2023-08
PENELEC ZONE,2023,9,27.41936786111111,2023-09-01,2023-09
PENELEC ZONE,2023,10,33.08374829301076,2023-10-01,2023-10
PENELEC ZONE,2023,11,38.40301924305556,2023-11-01,2023-11
PENELEC ZONE,2023,12,30.285248629032257,2023-12-01,2023-12
PENELEC ZONE,2024,1,48.653366465053765,2024-01-01,2024-01
PENELEC ZONE,2024,2,24.470812600574714,2024-02-01,2024-02
PENELEC ZONE,2024,3,24.473486460296094,2024-03-01,2024-03
PENELEC ZONE,2024,4,27.098447458333336,2024-04-01,2024-04
PENELEC ZONE,2024,5,29.0691600672043,2024-05-01,2024-05
PENELEC ZONE,2024,6,29.50218027777778,2024-06-01,2024-06
PENELEC ZONE,2024,7,36.5920777016129,2024-07-01,2024-07
PENELEC ZONE,2024,8,32.63347981182796,2024-08-01,2024-08
PENELEC ZONE,2024,9,29.11864484722222,2024-09-01,2024-09
PENELEC ZONE,2024,10,31.408896639784945,2024-10-01,2024-10
PENELEC ZONE,2024,11,29.37312792361111,2024-11-01,2024-11
PENELEC ZONE,2024,12,41.93894481182795,2024-12-01,2024-12
PENELEC ZONE,2025,1,66.13312961021505,2025-01-01,2025-01
PENELEC ZONE,2025,2,55.51783141369047,2025-02-01,2025-02
PENELEC ZONE,2025,3,45.264283458950196,2025-03-01,2025-03
PENELEC ZONE,2025,4,43.35746931944444,2025-04-01,2025-04
PENELEC ZONE,2025,5,32.163807258064516,2025-05-01,2025-05
PENELEC ZONE,2025,6,45.894210569444446,2025-06-01,2025-06
PENELEC ZONE,2025,7,58.748433750000004,2025-07-01,2025-07
PENELEC ZONE,2025,8,37.17276489247312,2025-08-01,2025-08
PENELEC ZONE,2025,9,34.268535996131526,2025-09-01,2025-09
PEPCO ZONE,2021,1,27.467869193548385,2021-01-01,2021-01
PEPCO ZONE,2021,2,43.33023986607143,2021-02-01,2021-02
PEPCO ZONE,2021,3,27.354462866756393,2021-03-01,2021-03
PEPCO ZONE,2021,4,30.415938652777776,2021-04-01,2021-04
PEPCO ZONE,2021,5,30.178501572580643,2021-05-01,2021-05
PEPCO ZONE,2021,6,33.75205584722222,2021-06-01,2021-06
PEPCO ZONE,2021,7,39.29426876344086,2021-07-01,2021-07
PEPCO ZONE,2021,8,45.16893146505377,2021-08-01,2021-08
PEPCO ZONE,2021,9,48.09274015277778,2021-09-01,2021-09
PEPCO ZONE,2021,10,63.43127463709677,2021-10-01,2021-10
PEPCO ZONE,2021,11,72.40899478472222,2021-11-01,2021-11
PEPCO ZONE,2021,12,41.44375341397849,2021-12-01,2021-12
PEPCO ZONE,2022,1,71.87050802419355,2022-01-01,2022-01
PEPCO ZONE,2022,2,55.24457223214286,2022-02-01,2022-02
PEPCO ZONE,2022,3,48.90663811574697,2022-03-01,2022-03
PEPCO ZONE,2022,4,70.2941615,2022-04-01,2022-04
PEPCO ZONE,2022,5,86.89416283602151,2022-05-01,2022-05
PEPCO ZONE,2022,6,95.25654634722221,2022-06-01,2022-06
PEPCO ZONE,2022,7,98.456625577957,2022-07-01,2022-07
PEPCO ZONE,2022,8,106.63869092741936,2022-08-01,2022-08
PEPCO ZONE,2022,9,89.52771422222222,2022-09-01,2022-09
PEPCO ZONE,2022,10,65.34260772849463,2022-10-01,2022-10
PEPCO ZONE,2022,11,59.334318208333336,2022-11-01,2022-11
PEPCO ZONE,2022,12,98.77597086021507,2022-12-01,2022-12
PEPCO ZONE,2023,1,40.47898483870968,2023-01-01,2023-01
PEPCO ZONE,2023,2,34.7057553422619,2023-02-01,2023-02
PEPCO ZONE,2023,3,31.255861520861373,2023-03-01,2023-03
PEPCO ZONE,2023,4,34.12157797222222,2023-04-01,2023-04
PEPCO ZONE,2023,5,34.18617875,2023-05-01,2023-05
PEPCO ZONE,2023,6,31.73775713888889,2023-06-01,2023-06
PEPCO ZONE,2023,7,42.11537803763441,2023-07-01,2023-07
PEPCO ZONE,2023,8,35.77516950268817,2023-08-01,2023-08
PEPCO ZONE,2023,9,37.68272929166667,2023-09-01,2023-09
PEPCO ZONE,2023,10,40.55174719086021,2023-10-01,2023-10
PEPCO ZONE,2023,11,38.30697972222222,2023-11-01,2023-11
PEPCO ZONE,2023,12,32.4074059811828,2023-12-01,2023-12
PEPCO ZONE,2024,1,52.05778125,2024-01-01,2024-01
PEPCO ZONE,2024,2,26.183688979885055,2024-02-01,2024-02
PEPCO ZONE,2024,3,24.241280915208616,2024-03-01,2024-03
PEPCO ZONE,2024,4,29.796462694444447,2024-04-01,2024-04
PEPCO ZONE,2024,5,39.932475954301076,2024-05-01,2024-05
PEPCO ZONE,2024,6,35.618921375,2024-06-01,2024-06
PEPCO ZONE,2024,7,57.151536881720425,2024-07-01,2024-07
PEPCO ZONE,2024,8,41.029549677419354,2024-08-01,2024-08
PEPCO ZONE,2024,9,34.48549222222222,2024-09-01,2024-09
PEPCO ZONE,2024,10,41.60333958333333,2024-10-01,2024-10
PEPCO ZONE,2024,11,32.31696319444445,2024-11-01,2024-11
PEPCO ZONE,2024,12,42.27361508064516,2024-12-01,2024-12
PEPCO ZONE,2025,1,76.4844938172043,2025-01-01,2025-01
PEPCO ZONE,2025,2,50.93302294642857,2025-02-01,2025-02
PEPCO ZONE,2025,3,49.36737713324361,2025-03-01,2025-03
PEPCO ZONE,2025,4,50.07033363888889,2025-04-01,2025-04
PEPCO ZONE,2025,5,41.70213444892473,2025-05-01,2025-05
PEPCO ZONE,2025,6,53.833006708333336,2025-06-01,2025-06
PEPCO ZONE,2025,7,77.39649325268817,2025-07-01,2025-07
PEPCO ZONE,2025,8,38.295706142473115,2025-08-01,2025-08
PEPCO ZONE,2025,9,41.22206959381044,2025-09-01,2025-09
PJM-RTO ZONE,2021,1,25.99151755376344,2021-01-01,2021-01
PJM-RTO ZONE,2021,2,44.00598404761905,2021-02-01,2021-02
PJM-RTO ZONE,2021,3,27.01463790040377,2021-03-01,2021-03
PJM-RTO ZONE,2021,4,27.568094041666665,2021-04-01,2021-04
PJM-RTO ZONE,2021,5,28.394900658602154,2021-05-01,2021-05
PJM-RTO ZONE,2021,6,32.178589611111114,2021-06-01,2021-06
PJM-RTO ZONE,2021,7,37.63157262096774,2021-07-01,2021-07
PJM-RTO ZONE,2021,8,43.52473887096774,2021-08-01,2021-08
PJM-RTO ZONE,2021,9,44.661653722222226,2021-09-01,2021-09
PJM-RTO ZONE,2021,10,57.10189665322581,2021-10-01,2021-10
PJM-RTO ZONE,2021,11,62.86822243055556,2021-11-01,2021-11
PJM-RTO ZONE,2021,12,37.89114287634409,2021-12-01,2021-12
PJM-RTO ZONE,2022,1,65.17200884408602,2022-01-01,2022-01
PJM-RTO ZONE,2022,2,51.084749464285714,2022-02-01,2022-02
PJM-RTO ZONE,2022,3,45.17607534320323,2022-03-01,2022-03
PJM-RTO ZONE,2022,4,63.973953763888886,2022-04-01,2022-04
PJM-RTO ZONE,2022,5,77.2695911155914,2022-05-01,2022-05
PJM-RTO ZONE,2022,6,86.41821258333334,2022-06-01,2022-06
PJM-RTO ZONE,2022,7,92.08449610215054,2022-07-01,2022-07
PJM-RTO ZONE,2022,8,99.9664700672043,2022-08-01,2022-08
PJM-RTO ZONE,2022,9,79.32405825000001,2022-09-01,2022-09
PJM-RTO ZONE,2022,10,58.51357448924731,2022-10-01,2022-10
PJM-RTO ZONE,2022,11,53.17390234027778,2022-11-01,2022-11
PJM-RTO ZONE,2022,12,88.88966095430108,2022-12-01,2022-12
PJM-RTO ZONE,2023,1,36.78533043010753,2023-01-01,2023-01
PJM-RTO ZONE,2023,2,31.156021086309526,2023-02-01,2023-02
PJM-RTO ZONE,2023,3,28.14452724091521,2023-03-01,2023-03
PJM-RTO ZONE,2023,4,29.160316597222224,2023-04-01,2023-04
PJM-RTO ZONE,2023,5,28.75482458333333,2023-05-01,2023-05
PJM-RTO ZONE,2023,6,27.23390884722222,2023-06-01,2023-06
PJM-RTO ZONE,2023,7,39.338151854838706,2023-07-01,2023-07
PJM-RTO ZONE,2023,8,31.244198467741935,2023-08-01,2023-08
PJM-RTO ZONE,2023,9,31.363719347222222,2023-09-01,2023-09
PJM-RTO ZONE,2023,10,34.418073118279565,2023-10-01,2023-10
PJM-RTO ZONE,2023,11,32.940396881944444,2023-11-01,2023-11
PJM-RTO ZONE,2023,12,29.126146559139787,2023-12-01,2023-12
PJM-RTO ZONE,2024,1,46.771163924731184,2024-01-01,2024-01
PJM-RTO ZONE,2024,2,23.691215833333334,2024-02-01,2024-02
PJM-RTO ZONE,2024,3,22.009715006729476,2024-03-01,2024-03
PJM-RTO ZONE,2024,4,26.197071305555554,2024-04-01,2024-04
PJM-RTO ZONE,2024,5,31.938984825268818,2024-05-01,2024-05
PJM-RTO ZONE,2024,6,31.079695194444447,2024-06-01,2024-06
PJM-RTO ZONE,2024,7,44.736700900537635,2024-07-01,2024-07
PJM-RTO ZONE,2024,8,34.67926768817204,2024-08-01,2024-08
PJM-RTO ZONE,2024,9,29.739861180555554,2024-09-01,2024-09
PJM-RTO ZONE,2024,10,34.01313362903226,2024-10-01,2024-10
PJM-RTO ZONE,2024,11,29.003433402777777,2024-11-01,2024-11
PJM-RTO ZONE,2024,12,35.1298628360215,2024-12-01,2024-12
PJM-RTO ZONE,2025,1,66.15796396505377,2025-01-01,2025-01
PJM-RTO ZONE,2025,2,46.87474620535714,2025-02-01,2025-02
PJM-RTO ZONE,2025,3,40.7435061641992,2025-03-01,2025-03
PJM-RTO ZONE,2025,4,43.38143815277778,2025-04-01,2025-04
PJM-RTO ZONE,2025,5,34.99230470430108,2025-05-01,2025-05
PJM-RTO ZONE,2025,6,46.57200663888889,2025-06-01,2025-06
PJM-RTO ZONE,2025,7,63.26362760752688,2025-07-01,2025-07
PJM-RTO ZONE,2025,8,36.42335357526882,2025-08-01,2025-08
PJM-RTO ZONE,2025,9,35.10295771760155,2025-09-01,2025-09
PPL ZONE,2021,1,23.368766532258064,2021-01-01,2021-01
PPL ZONE,2021,2,38.88342193452381,2021-02-01,2021-02
PPL ZONE,2021,3,21.124917510094214,2021-03-01,2021-03
PPL ZONE,2021,4,22.50244923611111,2021-04-01,2021-04
PPL ZONE,2021,5,24.783267930107524,2021-05-01,2021-05
PPL ZONE,2021,6,28.16417373611111,2021-06-01,2021-06
PPL ZONE,2021,7,33.449281370967746,2021-07-01,2021-07
PPL ZONE,2021,8,40.834731357526884,2021-08-01,2021-08
PPL ZONE,2021,9,40.24747734722222,2021-09-01,2021-09
PPL ZONE,2021,10,51.74243474462365,2021-10-01,2021-10
PPL ZONE,2021,11,54.103648208333325,2021-11-01,2021-11
PPL ZONE,2021,12,35.600383266129036,2021-12-01,2021-12
PPL ZONE,2022,1,67.37028858870967,2022-01-01,2022-01
PPL ZONE,2022,2,49.62219953869048,2022-02-01,2022-02
PPL ZONE,2022,3,41.63253215343203,2022-03-01,2022-03
PPL ZONE,2022,4,59.31466768055555,2022-04-01,2022-04
PPL ZONE,2022,5,70.72376887096775,2022-05-01,2022-05
PPL ZONE,2022,6,72.45220009722222,2022-06-01,2022-06
PPL ZONE,2022,7,86.5932879032258,2022-07-01,2022-07
PPL ZONE,2022,8,103.16912907258065,2022-08-01,2022-08
PPL ZONE,2022,9,70.10808951388888,2022-09-01,2022-09
PPL ZONE,2022,10,51.61259655913979,2022-10-01,2022-10
PPL ZONE,2022,11,48.06483015277778,2022-11-01,2022-11
PPL ZONE,2022,12,88.8538523655914,2022-12-01,2022-12
PPL ZONE,2023,1,32.55669491935484,2023-01-01,2023-01
PPL ZONE,2023,2,28.859577559523807,2023-02-01,2023-02
PPL ZONE,2023,3,25.685359017496637,2023-03-01,2023-03
PPL ZONE,2023,4,23.896873277777775,2023-04-01,2023-04
PPL ZONE,2023,5,22.493101572580642,2023-05-01,2023-05
PPL ZONE,2023,6,20.427760444444445,2023-06-01,2023-06
PPL ZONE,2023,7,29.490318481182797,2023-07-01,2023-07
PPL ZONE,2023,8,19.22700235215054,2023-08-01,2023-08
PPL ZONE,2023,9,19.236699263888887,2023-09-01,2023-09
PPL ZONE,2023,10,27.891503884408603,2023-10-01,2023-10
PPL ZONE,2023,11,30.33304832638889,2023-11-01,2023-11
PPL ZONE,2023,12,23.394298897849463,2023-12-01,2023-12
PPL ZONE,2024,1,42.63454676075269,2024-01-01,2024-01
PPL ZONE,2024,2,20.6665625,2024-02-01,2024-02
PPL ZONE,2024,3,18.104254226110363,2024-03-01,2024-03
PPL ZONE,2024,4,24.413604986111114,2024-04-01,2024-04
PPL ZONE,2024,5,22.000562244623655,2024-05-01,2024-05
PPL ZONE,2024,6,24.330643472222224,2024-06-01,2024-06
PPL ZONE,2024,7,35.7719263844086,2024-07-01,2024-07
PPL ZONE,2024,8,27.68549674731183,2024-08-01,2024-08
PPL ZONE,2024,9,23.166387888888888,2024-09-01,2024-09
PPL ZONE,2024,10,24.325587876344084,2024-10-01,2024-10
PPL ZONE,2024,11,26.911172999999998,2024-11-01,2024-11
PPL ZONE,2024,12,31.199940322580645,2024-12-01,2024-12
PPL ZONE,2025,1,64.01878263440861,2025-01-01,2025-01
PPL ZONE,2025,2,43.62740144345238,2025-02-01,2025-02
PPL ZONE,2025,3,35.759052113055176,2025-03-01,2025-03
PPL ZONE,2025,4,36.54424326388889,2025-04-01,2025-04
PPL ZONE,2025,5,28.796908252688173,2025-05-01,2025-05
PPL ZONE,2025,6,35.55549173611111,2025-06-01,2025-06
PPL ZONE,2025,7,52.73307501344085,2025-07-01,2025-07
PPL ZONE,2025,8,29.934744220430108,2025-08-01,2025-08
PPL ZONE,2025,9,23.560877117988397,2025-09-01,2025-09
PSEG ZONE,2021,1,26.393666034946236,2021-01-01,2021-01
PSEG ZONE,2021,2,42.73800555059523,2021-02-01,2021-02
PSEG ZONE,2021,3,21.530288250336476,2021-03-01,2021-03
PSEG ZONE,2021,4,21.334909930555554,2021-04-01,2021-04
PSEG ZONE,2021,5,23.58454814516129,2021-05-01,2021-05
PSEG ZONE,2021,6,27.744655180555558,2021-06-01,2021-06
PSEG ZONE,2021,7,33.64691064516129,2021-07-01,2021-07
PSEG ZONE,2021,8,39.32552065860215,2021-08-01,2021-08
PSEG ZONE,2021,9,38.57083526388889,2021-09-01,2021-09
PSEG ZONE,2021,10,46.76535384408603,2021-10-01,2021-10
PSEG ZONE,2021,11,46.88508204861111,2021-11-01,2021-11
PSEG ZONE,2021,12,32.15243752688172,2021-12-01,2021-12
PSEG ZONE,2022,1,76.1764714516129,2022-01-01,2022-01
PSEG ZONE,2022,2,51.38111477678571,2022-02-01,2022-02
PSEG ZONE,2022,3,41.4396898384926,2022-03-01,2022-03
PSEG ZONE,2022,4,57.148352277777775,2022-04-01,2022-04
PSEG ZONE,2022,5,64.19334043010753,2022-05-01,2022-05
PSEG ZONE,2022,6,66.64245945833333,2022-06-01,2022-06
PSEG ZONE,2022,7,82.79075090053763,2022-07-01,2022-07
PSEG ZONE,2022,8,92.8125553091398,2022-08-01,2022-08
PSEG ZONE,2022,9,64.78247390277778,2022-09-01,2022-09
PSEG ZONE,2022,10,47.59188614247312,2022-10-01,2022-10
PSEG ZONE,2022,11,44.15555498611111,2022-11-01,2022-11
PSEG ZONE,2022,12,88.61443334677419,2022-12-01,2022-12
PSEG ZONE,2023,1,32.302893911290326,2023-01-01,2023-01
PSEG ZONE,2023,2,30.219322961309526,2023-02-01,2023-02
PSEG ZONE,2023,3,25.25545059219381,2023-03-01,2023-03
PSEG ZONE,2023,4,24.378894569444448,2023-04-01,2023-04
PSEG ZONE,2023,5,20.00292935483871,2023-05-01,2023-05
PSEG ZONE,2023,6,19.751930472222224,2023-06-01,2023-06
PSEG ZONE,2023,7,31.300034825268817,2023-07-01,2023-07
PSEG ZONE,2023,8,20.176457836021505,2023-08-01,2023-08
PSEG ZONE,2023,9,20.844592833333333,2023-09-01,2023-09
PSEG ZONE,2023,10,23.97204829301075,2023-10-01,2023-10
PSEG ZONE,2023,11,28.37994390277778,2023-11-01,2023-11
PSEG ZONE,2023,12,23.11766977150538,2023-12-01,2023-12
PSEG ZONE,2024,1,44.862093454301075,2024-01-01,2024-01
PSEG ZONE,2024,2,21.551240129310347,2024-02-01,2024-02
PSEG ZONE,2024,3,19.175800995962316,2024-03-01,2024-03
PSEG ZONE,2024,4,23.255612125000003,2024-04-01,2024-04
PSEG ZONE,2024,5,22.523544005376344,2024-05-01,2024-05
PSEG ZONE,2024,6,26.05653126388889,2024-06-01,2024-06
PSEG ZONE,2024,7,34.91809701612903,2024-07-01,2024-07
PSEG ZONE,2024,8,28.05702940860215,2024-08-01,2024-08
PSEG ZONE,2024,9,23.40059626388889,2024-09-01,2024-09
PSEG ZONE,2024,10,25.689808642473118,2024-10-01,2024-10
PSEG ZONE,2024,11,27.897094409722225,2024-11-01,2024-11
PSEG ZONE,2024,12,35.848522540322584,2024-12-01,2024-12
PSEG ZONE,2025,1,66.98724497311828,2025-01-01,2025-01
PSEG ZONE,2025,2,49.35132008928571,2025-02-01,2025-02
PSEG ZONE,2025,3,36.403260255720056,2025-03-01,2025-03
PSEG ZONE,2025,4,36.711628166666664,2025-04-01,2025-04
PSEG ZONE,2025,5,28.811736680107526,2025-05-01,2025-05
PSEG ZONE,2025,6,37.34413058333333,2025-06-01,2025-06
PSEG ZONE,2025,7,54.864883776881726,2025-07-01,2025-07
PSEG ZONE,2025,8,32.37610522849462,2025-08-01,2025-08
PSEG ZONE,2025,9,25.570646189555124,2025-09-01,2025-09
RECO ZONE,2021,1,29.0088123655914,2021-01-01,2021-01
RECO ZONE,2021,2,49.629735803571435,2021-02-01,2021-02
RECO ZONE,2021,3,22.32414995962315,2021-03-01,2021-03
RECO ZONE,2021,4,21.802427125,2021-04-01,2021-04
RECO ZONE,2021,5,24.090045389784947,2021-05-01,2021-05
RECO ZONE,2021,6,29.996139125,2021-06-01,2021-06
RECO ZONE,2021,7,35.06891509408602,2021-07-01,2021-07
RECO ZONE,2021,8,41.58461883064516,2021-08-01,2021-08
RECO ZONE,2021,9,39.65822665277778,2021-09-01,2021-09
RECO ZONE,2021,10,48.59374043010752,2021-10-01,2021-10
RECO ZONE,2021,11,49.31059434027778,2021-11-01,2021-11
RECO ZONE,2021,12,35.05246440860215,2021-12-01,2021-12
RECO ZONE,2022,1,80.42725369623656,2022-01-01,2022-01
RECO ZONE,2022,2,56.099995178571426,2022-02-01,2022-02
RECO ZONE,2022,3,43.86706563930014,2022-03-01,2022-03
RECO ZONE,2022,4,58.76306202777778,2022-04-01,2022-04
RECO ZONE,2022,5,65.96271235215053,2022-05-01,2022-05
RECO ZONE,2022,6,69.49946101388889,2022-06-01,2022-06
RECO ZONE,2022,7,83.82276450268817,2022-07-01,2022-07
RECO ZONE,2022,8,92.84697315860214,2022-08-01,2022-08
RECO ZONE,2022,9,68.15729644444444,2022-09-01,2022-09
RECO ZONE,2022,10,48.983081465053765,2022-10-01,2022-10
RECO ZONE,2022,11,45.3908085625,2022-11-01,2022-11
RECO ZONE,2022,12,91.76612538978495,2022-12-01,2022-12
RECO ZONE,2023,1,34.5038225,2023-01-01,2023-01
RECO ZONE,2023,2,32.96233915178571,2023-02-01,2023-02
RECO ZONE,2023,3,25.983516783310904,2023-03-01,2023-03
RECO ZONE,2023,4,24.915869319444447,2023-04-01,2023-04
RECO ZONE,2023,5,21.222068427419355,2023-05-01,2023-05
RECO ZONE,2023,6,21.289974972222222,2023-06-01,2023-06
RECO ZONE,2023,7,33.16537625,2023-07-01,2023-07
RECO ZONE,2023,8,22.149371129032257,2023-08-01,2023-08
RECO ZONE,2023,9,23.759837805555556,2023-09-01,2023-09
RECO ZONE,2023,10,25.709526142473116,2023-10-01,2023-10
RECO ZONE,2023,11,29.743208409722225,2023-11-01,2023-11
RECO ZONE,2023,12,25.57182172043011,2023-12-01,2023-12
RECO ZONE,2024,1,48.868175860215054,2024-01-01,2024-01
RECO ZONE,2024,2,24.990063591954023,2024-02-01,2024-02
RECO ZONE,2024,3,20.903020457604306,2024-03-01,2024-03
RECO ZONE,2024,4,23.759147444444444,2024-04-01,2024-04
RECO ZONE,2024,5,23.784693763440863,2024-05-01,2024-05
RECO ZONE,2024,6,27.490797430555556,2024-06-01,2024-06
RECO ZONE,2024,7,35.78655893817204,2024-07-01,2024-07
RECO ZONE,2024,8,30.346178548387098,2024-08-01,2024-08
RECO ZONE,2024,9,25.912340736111112,2024-09-01,2024-09
RECO ZONE,2024,10,27.801930430107525,2024-10-01,2024-10
RECO ZONE,2024,11,29.17710520138889,2024-11-01,2024-11
RECO ZONE,2024,12,42.54654793010753,2024-12-01,2024-12
RECO ZONE,2025,1,68.15681094086021,2025-01-01,2025-01
RECO ZONE,2025,2,56.599639895833334,2025-02-01,2025-02
RECO ZONE,2025,3,39.82418549125168,2025-03-01,2025-03
RECO ZONE,2025,4,37.82581020833334,2025-04-01,2025-04
RECO ZONE,2025,5,29.69118137096774,2025-05-01,2025-05
RECO ZONE,2025,6,42.310748708333335,2025-06-01,2025-06
RECO ZONE,2025,7,60.87671125,2025-07-01,2025-07
RECO ZONE,2025,8,37.190090430107524,2025-08-01,2025-08
RECO ZONE,2025,9,29.446426943907156,2025-09-01,2025-09
